id,x,y,z
1,2.22638,3.44816,0.697949
2,3.33244,3.26915,0.623335
3,3.63426,3.4529,0.712499
4,9.64461,3.36796,0.808789
5,9.73688,2.96208,0.95526
6,10.8611,3.22391,0.946979
7,11.0122,3.26974,0.939065
8,15.5418,3.39218,0.924123
9,15.47,3.11303,0.979955
10,16.843,3.2706,1.05073
11,17.0011,3.23257,1.10698
12,21.4659,3.24698,1.191
13,21.5929,2.96753,1.29271
14,23.0241,3.24633,1.30936
15,22.9749,3.37694,1.24975
16,27.4073,3.3451,1.40445
17,27.1726,2.87667,1.33975
18,29.1059,3.44006,1.50447
19,28.9782,3.13598,1.51598
20,33.5084,3.24223,1.62465
21,33.126,2.73618,1.68276
22,34.8807,3.52513,1.67633
23,34.8872,3.32187,1.62322
24,39.4609,3.34428,1.79038
25,39.3621,2.87187,1.81384
26,40.9036,3.372,1.78812
27,40.896,3.23676,1.78611
28,45.2855,3.35332,1.87346
29,45.3663,2.83722,1.8248
30,47.0117,3.27001,1.74489
31,46.9972,3.35165,2.16504
32,50.408,3.35008,2.12277
33,50.6646,2.80813,1.99294
34,51.9028,3.35236,2.14642
35,52.339,3.13913,2.18052
36,54.4819,3.37624,2.33467
37,55.1104,2.58544,2.30751
38,56.1805,3.33747,2.27621
39,56.4513,3.16226,2.42032
40,63.2756,3.30135,2.35216
41,63.0217,3.00623,2.4457
42,64.4985,3.30677,2.38036
43,64.9299,3.28046,2.36139
44,69.5721,3.41116,2.47759
45,69.1653,2.9023,2.4901
46,70.9282,3.16454,2.32747
47,70.7166,3.30539,2.44422
48,75.1707,3.3513,2.51508
49,75.1196,2.97911,2.67445
50,76.8887,3.32823,2.61565
51,76.7159,3.15919,2.606
52,80.9382,3.22297,2.69452
53,81.0812,2.77637,2.61523
54,82.3124,3.34162,2.73164
55,82.341,3.18474,2.59883
56,86.9703,2.99356,2.95906
57,86.9903,3.01,3.02459
59,88.4549,3.15945,2.92687
60,92.798,3.35191,2.97914
61,93.2896,2.71502,3.15173
62,94.2821,3.40027,2.91378
63,94.3957,3.15592,3.01395
64,98.8237,3.40376,3.20956
65,98.7392,2.88096,3.11563
66,100.25,3.26637,3.13059
67,100.261,3.35481,3.05521
68,104.26,3.47015,3.37641
69,104.013,2.92147,2.9975
70,105.422,3.41559,3.30874
71,105.867,3.16445,3.2662
72,108.053,3.46459,3.60398
73,108.104,2.92602,3.39821
74,109.718,3.51451,3.37418
75,109.737,3.37701,3.37243
76,116.794,3.53566,3.69368
77,116.839,3.08243,3.44139
78,118.285,3.44908,3.53396
79,118.436,3.30954,3.60601
80,122.639,3.71583,3.78907
81,122.611,2.95661,3.8353
82,124.38,3.34307,3.75825
83,124.302,3.25669,3.63185
84,128.661,3.65385,3.96716
85,128.69,2.87706,3.79215
86,130.161,3.6068,3.75733
87,130.122,3.47394,3.61701
88,134.632,3.47195,4.03777
89,134.637,3.11484,3.76754
90,136.069,3.41838,3.74725
91,136.37,3.30102,3.7002
92,140.347,3.55208,4.05908
93,140.406,3.04775,3.75679
94,142.065,3.44446,3.81586
95,142.401,3.30824,3.73043
96,146.845,3.5249,4.17062
97,146.443,3.11799,3.86567
98,148.021,4.42125,3.79984
99,148.023,4.15431,3.86539
100,150.933,2.94424,4.34238
101,150.937,3.1551,3.95463
103,152.458,3.68011,4.1023
105,2.51966,2.03684,0.65114
106,3.43773,2.49043,0.784035
107,3.36489,2.35059,0.794544
108,6.58392,3.40162,0.955995
109,6.91529,2.14393,0.857757
110,8.30448,2.3576,0.982601
111,8.24708,2.6664,0.951243
112,12.4447,2.45879,1.15104
113,12.7114,2.01915,1.05268
114,13.9982,2.29911,1.1209
115,14.2506,2.3899,1.14136
116,18.5086,2.38429,1.17689
117,18.5996,2.00428,1.22681
118,19.9126,2.48025,1.2464
119,19.7874,2.53657,1.24351
120,24.4729,2.43445,1.40909
121,24.5989,1.93069,1.4001
122,26.2759,2.30982,1.50457
123,26.1195,2.18079,1.57816
124,30.2225,2.42324,1.55259
125,30.5179,2.09779,1.70855
126,32.2355,2.29874,1.71396
127,31.901,2.41592,1.70247
128,36.4078,2.43128,1.78132
129,36.5726,1.88474,1.80337
130,37.9387,2.43309,1.78426
131,38.0719,2.23642,1.82422
132,42.2303,2.36878,1.93368
133,42.5367,1.89198,1.93584
134,44.0086,2.32673,1.92244
135,43.9638,2.16477,1.99218
136,50.3985,2.32489,2.14677
137,50.7293,1.93284,2.10272
138,52.4162,2.33224,2.22938
139,52.0904,2.32618,2.15369
140,54.5877,2.44653,2.33335
141,55.0581,2.06669,2.22639
142,56.7178,2.53901,2.37044
143,56.0904,2.33334,2.18848
144,60.1827,2.41094,2.31942
145,60.3091,2.10747,2.51251
146,62.1619,2.36484,2.3599
147,61.5646,2.23995,2.40151
148,65.9899,2.36541,2.66508
149,66.5211,1.90925,2.4865
150,68.1453,2.24932,2.42985
151,67.9976,2.21773,2.55188
152,72.2613,2.48049,2.66812
153,72.1417,1.66682,2.61929
154,74.04,2.45911,2.62299
155,73.5348,2.17582,2.55771
156,78.2344,2.3823,2.79072
157,78.3209,1.94556,2.83444
158,79.8223,2.42272,2.75104
159,79.6316,2.16587,2.86686
160,83.9324,2.59919,2.10416
161,83.9537,2.15748,2.7636
162,85.5796,2.38799,2.93085
163,85.2492,2.37906,2.88322
164,89.7335,2.47863,3.13939
165,89.7144,2.07792,2.98341
166,91.6026,2.48761,2.96366
167,91.265,2.20264,3.08622
168,95.6778,2.49311,3.36377
169,96.0101,1.91927,3.18044
170,97.8519,2.27849,3.04762
171,97.2096,2.32258,3.12972
172,104.325,2.50718,3.55006
173,104.086,2.1045,3.33001
174,105.681,2.34584,3.35435
175,105.374,2.32582,3.39069
176,108.276,2.17003,3.44336
177,108.064,2.06261,3.52391
178,109.67,2.46628,3.46797
179,110.062,2.19223,3.61403
180,113.779,2.58754,3.48041
181,113.709,2.03558,3.49325
182,115.449,2.32932,3.58059
183,115.335,2.17968,3.583
184,119.532,2.63953,3.74917
185,119.906,2.11394,3.64416
186,121.603,2.61322,3.67612
187,121.401,2.34128,3.59923
188,125.941,2.54804,3.81636
189,125.525,2.03971,3.50887
190,127.423,2.52667,3.60145
191,127.2,2.33588,3.72273
192,131.646,2.29684,4.09254
193,131.424,2.04959,3.731
194,133.285,2.43636,3.78769
195,132.857,2.47797,3.75087
196,137.585,2.66651,4.20817
197,137.382,2.0413,3.67446
198,139.373,2.43952,3.84431
199,139.117,2.50644,3.90891
200,143.395,2.75085,4.03629
201,143.428,2.16092,3.97576
202,145.19,2.56619,3.80004
203,145.222,2.43748,3.81315
204,151.021,2.86414,4.61063
205,150.842,2.23365,4.01836
206,151.837,2.93576,3.9783
207,152.662,2.41011,4.44074
209,2.63398,1.10178,0.719764
210,3.75486,1.7132,0.766162
211,3.86643,1.1284,1.00034
212,9.81223,1.52397,0.920514
213,9.44888,1.10105,1.16766
214,10.9527,1.49234,0.971791
215,11.4535,1.40656,0.947472
216,15.5735,1.14011,1.12916
217,15.4886,1.17247,1.35428
218,16.7673,1.65058,1.12762
219,17.3993,1.19511,1.10952
220,21.8032,1.21795,1.37226
221,21.4848,0.977385,1.47461
222,23.0931,1.55074,1.3908
223,23.0487,1.37539,1.45956
224,27.6696,1.11055,1.43219
225,27.7539,1.00082,1.50948
226,29.1156,1.55183,1.70896
227,29.0975,1.40271,1.70442
228,33.7507,1.09468,1.67375
229,33.2566,0.635398,1.65804
230,35.5427,1.29906,1.76356
231,35.4265,1.06618,1.733
232,39.5495,1.08498,1.85477
233,39.6613,0.999693,1.84502
234,41.4026,1.46306,1.90298
235,41.5645,1.107,1.88021
236,45.3395,1.56273,2.04675
237,45.2374,0.993737,1.93811
238,46.8746,1.46059,2.13972
239,47.4067,1.61607,2.00677
240,51.035,1.07161,2.25487
241,50.7926,1.00751,2.20949
242,52.5023,1.36915,2.30291
243,52.9157,1.18142,2.25596
244,55.1068,1.0554,2.45219
245,54.8396,0.960724,2.28918
246,56.4289,1.48532,2.30988
247,56.8608,0.971943,2.35291
248,63.5735,1.04736,2.4815
249,63.27,1.02104,2.40997
250,65.0691,1.54784,2.53576
251,65.2234,0.973776,2.60611
252,69.3417,1.08747,2.54424
253,69.403,0.846961,2.68682
254,71.0429,1.38325,2.58167
255,70.9576,1.29652,2.64905
256,75.5382,1.1765,2.75928
257,75.2026,1.08264,2.73488
258,76.9259,1.45978,2.88056
259,77.2218,0.968545,2.78708
260,80.8131,1.36659,2.80903
261,80.9144,0.871469,2.83312
262,82.3852,1.57249,2.91503
263,82.9847,1.03093,3.03276
264,86.7834,0.916893,2.86205
265,86.6747,0.893915,3.04424
266,88.2407,1.49239,3.00819
267,88.8229,1.09519,3.13867
268,92.7318,1.5572,3.1364
269,92.8064,0.701906,3.20441
270,94.4894,1.51614,3.06386
271,94.745,1.13627,3.39782
272,98.6722,1.38822,3.23561
273,98.9632,1.04253,3.14162
274,100.449,1.72399,3.36438
275,100.605,1.25404,3.39437
276,104.284,1.56817,3.54637
277,104.226,1.23416,3.13515
278,105.81,1.36431,3.36461
279,105.985,1.06311,3.51126
280,108.267,1.18113,3.57887
281,108.252,1.10182,3.46208
282,109.785,1.64456,3.47262
283,109.891,1.13541,3.53653
284,117.005,1.22875,3.61779
285,116.909,1.04379,3.64318
286,118.364,1.5302,3.59417
287,118.87,1.60649,3.88325
288,122.463,1.76952,3.9008
289,122.462,0.772807,3.63432
290,124.518,1.48846,3.7148
291,124.36,1.20971,3.95431
292,128.299,1.80069,4.0002
293,128.624,1.00992,3.8451
294,130.069,1.68764,3.65304
295,130.626,1.20674,4.03242
296,134.605,1.31851,3.91033
297,134.412,1.20578,3.92001
298,136.321,1.61291,3.78102
299,136.238,1.45784,3.79083
300,140.618,1.36648,3.85834
301,141.535,1.43762,3.73837
302,142.127,1.488,4.13064
303,142.582,1.34469,4.26276
304,146.73,1.39441,3.95234
305,146.248,1.05404,4.01499
306,147.967,1.83511,4.0422
307,148.162,2.3805,4.17561
308,150.772,1.76032,4.40673
309,150.837,1.29189,4.07752
311,152.551,1.70618,4.33173
312,2.74553,-0.577973,0.775008
314,3.72179,-0.218624,0.786958
315,4.21737,-0.820449,0.852855
316,6.8798,-0.857685,0.880722
317,7.16291,-0.977175,0.888181
318,8.24889,0.076687,1.05025
319,8.50444,-0.793663,1.018
320,13.3228,-0.621864,1.09378
321,12.6788,-0.586855,1.14725
322,14.1827,-0.235691,1.17901
323,13.3192,-1.15854,1.14459
324,19.1172,-0.736789,1.12512
325,18.9163,-1.05553,1.32146
326,20.2583,-0.476233,1.33462
327,20.5372,-0.727372,1.34587
328,24.5136,-0.571783,1.61835
329,24.7357,-1.00182,1.50882
330,26.622,-0.741835,1.56062
331,26.3109,-0.818928,1.50856
332,30.5215,-0.684484,1.81189
333,30.9911,-1.10494,1.73944
334,32.3295,-0.207333,1.81527
335,32.5889,-0.662612,1.6745
336,36.6656,-0.679337,1.78001
337,36.7152,-0.807205,1.96371
338,38.2856,-0.314684,1.85458
339,38.5206,-1.22618,1.88202
340,42.8136,-0.723378,1.98648
341,42.8114,-1.20493,2.06257
342,44.4236,-0.458903,2.15894
343,44.4194,-0.811471,2.14292
344,51.0253,-0.738372,2.2425
345,50.9059,-1.29314,2.40591
346,51.9044,-0.783007,2.251
347,52.5916,-0.739744,2.26703
348,55.249,-0.838993,2.306
349,55.3854,-0.82773,2.40116
350,56.3448,-0.481269,2.39797
351,57.0201,-1.22918,2.45958
352,60.6729,-0.716422,2.39205
353,60.5897,-0.921748,2.73389
354,62.0495,-0.409953,2.5649
355,62.3423,-1.04141,2.73707
356,66.6301,-0.682619,2.60101
357,66.7893,-0.888034,2.63314
358,68.3422,-0.656023,2.66276
359,68.2202,-0.757921,2.80093
360,72.3613,-0.637198,2.69826
361,72.6936,-1.70603,2.82129
362,74.4638,-0.183807,2.69595
363,74.2447,-0.664673,2.84813
364,78.5663,-0.642739,2.94062
365,78.5204,-0.773843,2.94499
366,80.058,-0.321882,2.90866
367,80.1173,-0.662662,2.91562
368,83.7708,-0.694318,3.21739
369,83.8634,-0.84792,3.22945
370,85.7822,-0.259469,3.09202
371,85.6646,-0.744214,3.13803
372,89.914,-0.526752,3.0874
373,90.2121,-1.00673,3.19852
374,91.5003,-0.287819,3.07391
375,91.5292,-0.711437,3.24025
376,96.0467,-0.711043,3.28594
377,95.865,-1.05585,3.24448
378,97.6491,-0.394791,3.3901
379,97.5626,-0.710388,3.43986
380,104.347,-0.576161,3.65288
381,104.029,-0.748864,3.62812
382,105.535,-0.576232,3.50099
383,105.936,-1.10196,3.73059
384,108.796,-0.664274,3.71874
385,107.981,-0.994211,3.68642
386,109.863,-0.105479,3.61638
387,109.717,-0.576031,3.77639
388,113.829,-0.499966,3.55794
389,114.199,-1.44415,3.76888
390,115.329,-0.343555,3.65139
391,115.72,-0.59845,3.83371
392,119.715,-0.541006,3.76322
393,119.947,-1.12935,3.92114
394,121.262,-0.224418,3.69715
395,121.323,-0.300917,3.98181
396,126.554,-0.575379,4.1143
397,125.62,-0.712648,4.02402
398,127.486,-0.350721,3.97162
399,127.598,-0.716473,3.8974
400,131.607,-0.459975,3.90261
401,131.785,-0.655782,3.83878
402,133.352,-0.14764,4.14298
403,133.176,-0.834784,4.19412
404,137.579,-0.520778,3.96872
405,137.922,-0.795425,4.20915
406,139.027,-0.161809,4.03573
407,139.324,-0.479303,4.2829
408,143.494,-0.457537,4.15405
409,143.383,-0.559423,4.14527
410,144.843,0.101408,4.02041
411,144.872,-0.762043,4.49425
412,150.782,-0.368751,4.17811
413,151.084,-0.497956,4.10137
416,2.79984,-1.50322,0.794771
417,3.04194,-2.17913,0.839087
418,3.83793,-1.07974,0.878394
419,4.09883,-2.11685,0.889607
421,9.88064,-1.48671,0.987866
422,9.97332,-1.8268,0.793682
423,11.2142,-1.17042,1.11748
424,11.3901,-1.81504,1.17576
425,15.7481,-1.57484,1.23531
426,15.905,-1.9297,1.14614
427,17.393,-1.51576,1.2816
428,17.3748,-1.67371,1.19282
429,21.9706,-1.57362,1.33303
430,21.8871,-1.7414,1.41577
431,23.0434,-1.14038,1.46886
432,23.8715,-2.11899,1.32274
433,27.7392,-1.95755,1.54909
434,27.9355,-1.9566,1.6414
435,29.6668,-1.62074,1.68069
436,29.6655,-2.23314,1.58897
437,33.8936,-1.77858,1.87579
438,33.8834,-1.97383,1.8782
439,35.498,-1.62107,1.87241
440,35.3709,-2.04482,1.73907
441,39.9275,-1.62574,1.91446
442,39.9296,-2.20589,1.96918
443,41.6127,-1.47046,1.93703
444,41.7752,-1.71601,1.9234
445,45.8422,-1.62802,2.09136
446,45.7819,-1.97457,2.05199
447,47.4422,-1.32011,2.19354
448,46.4266,-1.77748,1.92848
449,51.2033,-1.73078,2.32841
450,51.1184,-1.97583,2.42185
451,52.9199,-1.4009,2.37804
452,53.173,-2.23701,2.36748
453,55.0539,-1.66837,2.39877
454,54.9421,-2.02903,2.57997
455,56.9903,-1.24179,2.46538
456,56.9516,-2.13178,2.56586
457,63.7472,-1.60865,2.62377
458,63.4393,-1.98423,2.77874
459,65.1163,-1.25181,2.64617
460,65.4337,-1.89573,2.85961
461,69.6239,-1.61106,2.67595
462,69.8432,-2.19371,2.75984
463,71.4985,-1.53452,2.84165
464,71.4245,-1.80827,2.91307
465,75.9636,-1.65098,2.83769
466,75.6627,-2.01611,2.92762
467,77.2406,-1.2144,2.89898
468,77.2,-2.03066,2.95255
469,81.1477,-1.55744,2.98546
470,81.0602,-2.0056,3.01789
471,79.946,3.12912,5.40651
472,82.9428,-2.15433,3.06733
473,87.2517,-1.67207,3.06506
474,86.7286,-1.78379,3.09703
475,88.9553,-1.47637,3.19458
476,88.9881,-1.79695,3.31961
477,92.8473,-1.76628,3.16747
478,92.6592,-1.99583,3.45807
479,94.3115,-1.22694,3.23646
480,94.8296,-2.06437,3.42713
481,98.9092,-1.58828,3.43835
482,98.6057,-1.78693,3.4385
483,100.204,-1.11414,2.9448
484,100.442,-1.88073,3.43432
485,104.419,-1.45516,3.25935
486,103.874,-1.82291,3.72876
487,105.813,-1.36014,3.55657
488,105.923,-2.03534,3.62193
489,108.119,-1.48552,3.72212
490,107.805,-1.74348,3.85527
491,110.353,-1.60931,4.01176
492,109.934,-2.06518,3.8561
493,116.935,-1.56921,3.79457
494,116.389,-1.77788,4.14051
495,118.628,-1.39252,3.88371
496,118.752,-1.94312,4.14171
497,122.939,-1.48285,3.84058
498,122.95,-1.77794,3.82824
499,124.466,-1.34835,4.07398
500,124.467,-1.80723,4.16537
501,128.646,-1.60506,3.97218
502,128.721,-1.98651,4.13632
503,130.097,-1.01075,3.88613
504,130.649,-1.70548,4.21148
505,135.005,-1.50182,4.02543
506,134.848,-1.8623,4.29671
507,136.364,-1.22779,4.2523
508,136.463,-1.66677,4.2571
509,140.808,-1.29994,3.97144
510,140.752,-1.85652,4.40116
511,142.229,-1.36822,4.36551
512,142.169,-1.81298,4.41007
513,146.589,-1.31095,4.10532
514,146.399,-1.84325,4.64303
515,147.749,-0.254291,4.33271
516,148.055,-2.05167,4.48743
517,150.841,-1.30986,4.21747
518,151.168,-1.53261,4.50773
521,2.02173,-2.84391,0.810147
522,2.7014,-3.19748,0.900485
523,4.2886,-2.59327,1.08259
524,3.98844,-3.02268,0.918255
525,7.19837,-2.42562,0.845192
527,8.44362,-2.5809,1.00662
528,8.38702,-2.83049,1.08916
529,13.0404,-2.44247,1.10372
530,13.1485,-2.92495,1.17412
531,14.7936,-2.28707,1.34234
532,14.4609,-2.96988,1.12338
533,18.5788,-2.42306,1.34629
534,19.0525,-2.9098,1.37748
535,20.7515,-2.42233,1.44381
536,20.7912,-3.13815,1.33224
537,24.8143,-2.48068,1.64301
538,24.9272,-2.95824,1.61093
539,26.6942,-2.66482,1.66602
540,26.8097,-2.99065,1.79304
541,30.9387,-2.53422,1.68216
542,30.5381,-2.91811,1.76965
543,32.5168,-2.53105,1.70739
544,32.5952,-2.99547,1.80011
545,36.6879,-2.5482,1.93686
546,37.1418,-2.87599,1.93273
547,38.6984,-2.58078,1.99305
548,38.9096,-3.04512,1.96356
549,42.6783,-2.65132,1.92599
551,44.6256,-2.46709,2.1668
552,44.8546,-3.52465,2.26756
553,51.1971,-2.58678,2.24638
554,50.7849,-3.18111,2.3165
555,52.9935,-2.49333,2.3484
557,55.1274,-2.62264,2.43029
558,55.266,-2.94366,2.5612
559,57.1892,-2.51292,2.58659
560,57.1289,-3.07079,2.61591
561,60.6387,-2.54963,2.60041
562,60.9252,-2.90458,2.72016
563,62.4795,-2.3338,2.74461
564,62.4113,-2.89299,2.8755
565,66.7372,-2.68808,2.71122
566,66.9856,-2.91306,2.82182
567,68.6347,-2.47236,2.74049
568,68.5443,-3.05405,2.91471
569,72.6206,-2.49676,2.6942
570,72.7822,-2.79839,2.81483
571,74.4688,-2.49307,2.78658
572,74.2835,-2.90736,2.77874
573,78.7045,-2.54425,2.94325
574,78.7158,-2.92406,3.02607
575,80.2482,-2.3062,3.17525
576,80.4801,-2.97353,3.03571
577,84.2068,-2.61818,3.07047
578,84.2106,-3.03607,3.02843
579,85.727,-2.44003,3.08178
580,85.7913,-2.64651,3.21007
581,89.9851,-2.37783,3.22873
582,90.0574,-2.8157,3.32171
583,91.7584,-2.40015,3.2541
584,91.7801,-2.95556,3.36351
585,96.0814,-2.55665,3.33327
586,96.1422,-2.807,3.39281
587,97.9894,-2.23653,3.62026
588,97.5598,-3.00294,3.24968
589,104.36,-2.37588,3.66394
590,104.402,-2.78887,3.83068
591,105.995,-2.56854,3.79305
592,105.739,-2.70739,3.81169
593,108.159,-2.40596,3.83129
594,107.853,-2.66948,3.8595
595,109.992,-2.25943,3.89002
597,113.97,-2.39968,3.77938
598,113.97,-2.7685,3.89413
599,115.474,-2.49329,3.71412
600,115.754,-2.85679,3.89072
601,119.905,-2.47597,3.71532
602,119.816,-2.66115,3.93878
603,121.692,-2.26789,4.07568
604,121.488,-2.68963,4.20509
605,125.559,-2.25718,4.17695
606,125.795,-2.59066,4.1781
607,127.759,-2.29108,4.20173
608,127.617,-2.78254,4.35208
609,131.552,-2.71737,4.08603
610,131.891,-2.61264,4.08838
611,133.432,-2.38531,4.29732
612,133.401,-2.70895,4.3103
613,137.581,-2.38281,4.08401
615,139.621,-2.31331,4.42034
616,139.322,-2.6431,4.34061
617,143.369,-2.24467,4.25782
618,143.896,-2.66074,4.33193
619,145.6,-2.11294,4.92139
620,145.178,-2.67573,4.52762
621,150.871,-2.24908,4.27079
622,151.214,-2.47498,4.53336
623,153.303,-2.12856,4.72543
625,4.20442,-5.64779,0.978819
628,54.7135,-5.70868,2.78493
630,57.21,-5.95854,2.35521
636,152.26,-5.53584,4.6599
638,153.188,-5.29277,4.75959
