id,x,y,z,x_transformed,y_transformed
0,-0.861935,2.85403,0.552064,-2.9674298711359817,-0.13052297520157008
1,-0.652588,2.69877,0.669006,-2.8086128718383563,0.07613857115647416
2,-0.681092,3.08338,0.539631,-3.1936540401179028,0.05421532217458103
3,-0.452526,2.89523,0.576465,-3.001623216955103,0.27953066078120475
5,7.05945,3.02159,0.909793,-2.9995147850082975,7.792569049388755
7,7.32832,3.13206,0.928125,-3.105371129726949,8.063288705274331
9,13.3903,3.26211,1.17948,-3.131746157175094,14.126606186721855
11,13.3801,3.00011,1.10405,-2.8699588762423422,14.111927646541146
13,19.0959,3.09475,1.35033,-2.8668485361182663,19.82851025290522
15,19.2963,3.30184,1.33874,-3.070481547496592,20.03242205927502
17,25.1842,3.2432,1.5612,-2.911170818330479,25.918458514409547
18,25.0919,3.64422,1.60392,-3.3137104579543175,25.83302919314623
19,25.0037,3.39897,1.72047,-3.0700044779195426,25.740648471156792
21,31.1099,3.37214,2.0112,-2.938766308403735,31.845496940346028
22,31.1768,3.77276,1.94654,-3.3381837889148294,31.919237503553596
23,31.3366,3.53466,1.93782,-3.0973861230425013,32.07494278320216
25,37.2148,3.53331,2.20496,-2.9955228815702584,37.95226027867037
26,37.2834,3.91085,2.32748,-3.3718346675790882,38.027305940176184
27,37.4545,3.68176,2.24444,-3.13985246167124,38.1944636329161
29,43.1413,3.62992,2.62361,-2.9907794189556944,43.87954576543938
30,43.1897,4.00607,2.49064,-3.3660468151953946,43.93437061217402
31,43.369,3.77885,2.55488,-3.135794121159427,44.10975908183259
32,49.0846,3.95394,2.98116,-3.213125438739508,49.82751736068816
33,48.8283,3.80798,2.8581,-3.0715693439109044,49.56875901083858
35,48.9945,3.75062,2.6489,-3.0113758171199683,49.73395389251616
37,52.6137,3.81702,2.91672,-3.0158801171786043,53.353760145795604
38,52.5942,4.21146,2.99894,-3.410595885657884,53.34100766706355
39,52.8122,4.00681,2.98936,-3.202248146675867,53.55547641108254
40,61.0145,4.13205,3.55323,-3.1872157821291403,61.75871871980512
41,61.081,4.00999,3.29642,-3.064036520649541,61.823121849708414
43,61.3502,4.08159,3.33304,-3.1310229055567085,62.09350680534957
45,67.0935,4.10418,3.55775,-3.0554028671698132,67.83635338243086
47,67.3591,4.21565,3.56904,-3.1623149805803488,68.10382061576252
49,73.0988,4.10959,3.8609,-2.9581253091109345,73.84086788693479
50,73.1288,4.51597,3.85551,-3.3639329137471026,73.87781233739024
51,73.3236,4.29561,3.85477,-3.140274176717345,74.06881584246347
53,78.8494,4.29721,4.04031,-3.0473863172600137,79.59383530356634
54,78.8509,4.69945,4.07804,-3.4495418588509703,79.60221312951846
55,79.0565,4.48742,4.10698,-3.2340272308832567,79.80415749322279
57,84.7613,4.46354,4.6315,-3.1126023118631174,85.50771509207641
58,84.6572,4.71203,4.32745,-3.36283602449775,85.40787933114332
59,84.9062,4.57801,4.40974,-3.224577879019327,85.65455127038422
61,90.7885,4.50603,4.67333,-3.05202485662156,91.53476043884595
62,90.9466,4.85479,4.55951,-3.398030457972191,91.69880089554486
63,91.051,4.60613,4.69109,-3.1476216403853305,91.7989337057259
65,96.9089,4.46973,4.94812,-2.911075260798302,97.65364490102019
67,97.1624,4.61381,4.94721,-3.0507995086906208,97.9095715134522
68,102.349,4.72005,5.55923,-3.0683364521843224,103.09722984387577
69,102.308,4.62145,5.28817,-2.970451941593368,103.05454984169242
71,102.498,4.82523,5.1956,-3.170953270219414,103.24800656972015
73,106.257,4.87291,5.61459,-3.1543498171561524,107.00727228362577
74,106.239,4.53376,5.41925,-2.8155571908977723,106.98347566846836
75,106.452,4.69714,5.54513,-2.975271140987983,107.19923821977554
77,114.696,4.86802,5.80501,-3.005159060482791,115.44495484640467
78,114.835,5.23735,5.89845,-3.3720582521169065,115.59024982938149
79,114.949,4.97594,5.84628,-3.1087371448150227,115.69976321919894
81,120.807,4.98517,6.07214,-3.017797763503528,121.5570645791963
82,120.903,5.35393,6.21276,-3.38486231081457,121.65935610234136
83,121.049,5.11278,6.13359,-3.1412510619896934,121.80121124657656
85,126.827,5.03258,6.33109,-2.9622627043035044,127.5769951074748
87,127.108,5.07878,6.35641,-3.0036510304001087,127.85874401423918
89,132.772,5.17088,6.57978,-2.9988868083155986,133.52349076164
90,132.888,5.55908,6.58598,-3.3850465262724927,133.64611177218654
91,133.026,5.30176,6.57827,-3.1254044364314306,133.77969158946053
93,138.786,5.18993,6.76056,-2.9150984916210425,139.5369372293892
94,138.688,5.56479,6.87469,-3.291579422293009,139.44536142232
95,138.943,5.41066,6.84137,-3.133111620850371,139.69768861626858
97,144.747,5.25008,7.09494,-2.873310431821543,145.49809422954934
98,144.656,5.64638,7.12208,-3.2711085323677365,145.41388400925604
99,144.908,5.48602,7.1498,-3.1064629398505597,145.6631051128261
100,149.252,5.56754,7.63443,-3.113691415521816,150.00786393922135
101,149.33,5.47476,7.37102,-3.019591230566309,150.08426605693637
103,149.203,5.71498,7.25891,-3.2619477275832938,149.96139223241033
104,-0.775182,2.03268,0.638667,-2.1447165358607703,-0.057827215563628465
105,-0.622211,1.7841,0.636916,-1.8935571737208245,0.09087086125801536
106,-0.553716,2.16669,0.517308,-2.2749200168284363,0.16589788986690346
107,-0.378175,1.93746,0.572115,-2.042721893145917,0.33749353940184185
108,4.07422,2.26628,0.890823,-2.295360727622768,4.794860188864188
109,4.14511,1.98784,0.912777,-2.0157492634562284,4.860978679520313
110,4.32309,2.31207,0.752162,-2.336888515995676,5.044476782448939
111,4.42146,2.06971,0.893485,-2.0928818864404812,5.138688200191767
112,10.1422,2.3112,1.2371,-2.2365156053355473,10.86272112484344
113,10.2626,2.04465,1.25936,-1.967945813642563,10.978545688257196
114,10.3111,2.35113,1.00892,-2.273551686027238,11.032279208186578
115,10.5075,2.18844,1.17121,-2.1075271584022928,11.22586859923607
116,16.1423,2.31253,1.31243,-2.1352475604468992,16.86196662423621
117,16.3106,2.08331,1.34759,-1.9031832517445604,17.02632250343287
118,16.3586,2.48178,1.40065,-2.300774224438312,17.08112906629204
119,16.5346,2.24138,1.40392,-2.057399885257415,17.252992648904126
120,22.0217,2.30106,1.65778,-2.023245279338004,22.740310898768488
121,22.269,2.15268,1.62093,-1.8706583022653842,22.98503753979443
122,22.1719,2.5441,1.64747,-2.2636814223666324,22.894644766488824
123,22.4266,2.37798,1.66079,-2.0932305037252363,23.14646698301132
124,28.0213,2.51482,1.94494,-2.134384725865744,28.742688887618037
125,28.1933,2.29534,1.84891,-1.9119957255097635,28.91091077359209
126,28.253,2.68144,1.89688,-2.2970184442815356,28.977204106813407
127,28.4216,2.4296,1.94077,-2.0423323129222273,29.141473154698968
128,34.0626,2.67972,2.17904,-2.195958272778086,34.785925305161264
129,34.2288,2.44205,2.14148,-1.955481108154541,34.94803700182322
130,34.3054,2.82583,2.24135,-2.3378951869921134,35.03118819367764
131,34.4687,2.58474,2.18114,-2.0940481105231785,35.19034183453311
132,40.0892,2.7417,2.58544,-2.1548782276211993,40.812704006116675
133,40.3267,2.53963,2.50896,-1.9487766739744583,41.04671401548465
134,40.2516,2.7534,2.81101,-2.1637995814901236,40.97528032494924
135,40.4866,2.73894,2.62865,-2.145323346773641,41.209998710148824
136,48.4962,2.78117,2.73408,-2.0505881647238593,49.21914977491105
137,48.7312,2.65481,2.86113,-1.920228290312024,49.4519547420903
138,48.6543,3.02121,2.6961,-2.2878896614482276,49.38133118954409
139,48.8958,2.87382,2.76871,-2.1363917159021164,49.620275606920416
140,52.5489,2.87257,2.98136,-2.0726762385141035,53.27282013237678
141,52.8115,2.74047,3.01309,-1.9361052610708773,53.533122913998874
142,52.688,3.12462,3.01279,-2.3223108670984147,53.41620968817347
143,52.9489,2.97365,3.03258,-2.1669017174441367,53.674490053481655
144,57.9172,3.07483,3.27291,-2.183112190312114,58.643793777643566
145,58.1191,2.86827,3.26802,-1.9731300302247292,58.84213221578664
146,58.1277,3.27301,3.27198,-2.377663800871039,58.857651752077366
147,58.3307,3.05541,3.2697,-2.15662444559099,59.05690125249677
148,63.9627,3.18942,3.40887,-2.194311275483986,64.690369312489
149,64.1442,3.00445,3.54096,-2.006264785715078,64.86867990831995
150,64.1715,3.39096,3.43524,-2.3922514637016326,64.90258498930945
151,64.3678,3.17403,3.48802,-2.171996576154668,65.09514692586929
152,69.9763,3.33861,3.64519,-2.240650771453964,70.70564114900753
153,70.079,3.11335,3.79762,-2.0136676015838666,70.80447433268449
154,70.2501,3.44157,3.63003,-2.338913914341048,70.98116166793481
155,70.349,3.20003,3.75683,-2.0957181022389304,71.0759170296617
156,76.0229,3.418,4.11394,-2.2166361937384473,76.75271462567022
157,76.1899,3.18691,4.05034,-1.9827243876026517,76.91573871913583
158,76.2607,3.57809,4.08935,-2.3726365607946795,76.9932172942174
159,76.427,3.33183,4.13452,-2.123568942133734,77.15528209278442
160,81.6395,3.47959,4.28546,-2.1821769418689394,82.3695466017988
161,81.8449,3.27349,4.26223,-1.9725948667787723,82.57139239392957
162,81.8393,3.68183,4.24039,-2.380970921954055,82.57277556401118
163,82.0509,3.48199,4.27501,-2.1775419156106866,82.78092749164614
164,87.6904,3.70254,4.4605,-2.3016278477743106,88.42337423343636
165,87.8206,3.48299,4.59623,-2.0798836107648135,88.54980103381143
166,87.9324,3.85956,4.52709,-2.4544868463805867,88.66802379289864
167,88.0607,3.61053,4.62567,-2.2032994082631325,88.79204678202561
168,93.6386,3.66597,4.87742,-2.1633528006586897,94.37007925523163
169,93.8368,3.47505,4.97935,-1.9690716215499513,94.56498566827163
170,93.8318,3.87523,4.9359,-2.369278610141442,94.56682921987935
171,94.0453,3.66879,4.93162,-2.159218079971193,94.77676801397084
172,102.162,3.87823,5.35406,-2.2298371099275016,102.89586260365313
173,102.339,3.65403,5.29915,-2.002643302873901,103.06900304963987
174,102.395,4.03539,5.42947,-2.382989982275872,103.13151587286754
175,102.57,3.82585,5.32249,-2.1704882305750375,103.30290728783362
176,106.229,3.9353,5.71742,-2.217355682123177,106.96324384947455
177,106.201,3.64372,5.68065,-1.9262970944752653,106.93026211276464
178,106.36,3.91172,5.44999,-2.1915391138954665,107.0938214938282
179,106.474,3.66506,5.58948,-1.942965850074428,107.20358709915773
180,111.662,4.00508,5.74145,-2.194224674736593,112.39664271251576
181,111.837,3.7755,5.78275,-1.9616858529777164,112.56769145637257
182,111.904,4.16382,5.71668,-2.3488034218708047,112.64132168287163
183,112.06,3.93224,5.82891,-2.114589780299557,112.79333900590403
184,117.65,4.12612,6.04344,-2.212856029901356,118.38583694498182
185,117.828,3.90756,5.97086,-1.9912842988965613,118.56007368513595
186,117.889,4.28605,6.08633,-2.3686759011222387,118.62753670218629
187,118.054,4.03665,6.05493,-2.1164909707077895,118.78824799883921
188,123.765,4.12911,6.22263,-2.111283026222335,124.49999403038808
189,123.954,3.9209,6.3053,-1.8998716890747631,124.685406140633
190,123.988,4.31679,6.24479,-2.295122429971113,124.72617063401741
191,124.163,4.09584,6.33846,-2.071212346465774,124.89736694532297
192,129.601,4.24034,6.49774,-2.1227049178811113,130.33704274127712
193,129.787,4.01765,6.53813,-1.8968669958476794,130.51920769145033
194,129.833,4.40729,6.44232,-2.285663458242331,130.57186355939876
195,130.006,4.19803,6.55508,-2.0734758643176843,130.74126005459414
196,135.816,4.47341,6.79727,-2.24946833975234,136.55511942621553
197,136.075,4.31587,6.78931,-2.0875226394406905,136.81138772653878
198,135.695,4.21723,6.86302,-1.9953948166362143,136.4297566037706
199,135.923,4.09197,6.72094,-1.8662544768964726,136.65558140367511
200,141.552,4.41762,7.01533,-2.0956045861932084,142.289326823009
201,141.753,4.20283,7.01258,-1.8774090187914845,142.4866246650302
202,141.762,4.60624,7.08309,-2.2806061441473293,142.5025214006946
203,141.962,4.3973,7.04618,-2.0682768208049294,142.6989194201575
204,149.156,4.67952,7.46611,-2.227442786457345,149.89669340409023
205,149.28,4.42517,7.50198,-1.9710096533828592,150.01632605331946
206,149.384,4.77865,7.32136,-2.322659639847542,150.12635512865586
207,149.533,4.54046,7.41596,-2.0819566601865374,150.27126044837297
208,-0.575003,0.925791,0.676937,-1.0345664360873803,0.12339542743423748
209,-0.379536,0.701796,0.644418,-0.8072618252407132,0.31500367882713903
210,-0.360969,1.09652,0.602433,-1.2016106309844548,0.34031749073852247
211,-0.166267,0.884323,0.687963,-0.9861153762227862,0.5313625921889487
212,7.37795,1.22151,1.11996,-1.1942518200191297,8.080242273096694
213,7.14058,1.05321,1.06891,-1.0300353005799874,7.840029155962566
214,7.51249,1.09423,0.898777,-1.0646898814947252,8.212586196590742
215,7.32665,0.869982,0.945724,-0.8436524120621637,8.022938870717558
216,13.3302,1.26313,1.27722,-1.1340860887640734,14.032333701467275
217,13.3922,0.99522,1.25924,-0.865155098343672,14.089743548109661
218,13.574,1.3318,1.1465,-1.1985772257124314,14.277272269592238
219,13.6769,1.07502,1.2728,-0.9400752443427667,14.375766452303493
220,19.3296,1.29532,1.54105,-1.0636855015484614,20.031406989352636
221,19.4517,1.05491,1.56198,-0.8212228191584432,20.14937828140387
222,19.5638,1.44237,1.61076,-1.2067093327981329,20.26808720862469
223,19.7112,1.18451,1.59149,-0.9463665879541515,20.41105641792201
224,25.3151,1.44801,1.89557,-1.1140049777267076,26.01864278197156
225,25.3993,1.19053,1.89504,-0.8551228566715523,26.098427729160765
226,25.5258,1.53016,1.71966,-1.192540132544293,26.230716688800708
227,25.6708,1.28684,1.8228,-0.9467763003403405,26.371534873636428
228,31.3315,1.52984,2.05466,-1.0929464438456047,32.035562396446295
229,31.4977,1.31232,2.10368,-0.8726163331975852,32.198018645146774
230,31.5585,1.70838,2.05707,-1.2675787864782349,32.26558212713616
231,31.7331,1.46507,2.07426,-1.0213188118524321,32.43599615530667
232,37.2515,1.6399,2.24859,-1.101762160596856,37.956578819894055
233,37.4164,1.41985,2.30239,-0.8789246490104738,38.117691997288055
234,37.4321,1.81438,2.3896,-1.2731285069737277,38.14013591109307
235,37.6386,1.60272,2.34707,-1.0579684354892034,38.34298646997515
236,43.3757,1.81809,2.84014,-1.1752062277743023,44.082930367519815
237,43.3714,1.52735,2.82776,-0.8845822625594737,44.07365952921844
238,43.4333,1.80656,2.55938,-1.162692990565554,44.14032479054642
239,43.5974,1.56013,2.64809,-0.9134930153442556,44.3001870038731
240,48.6633,1.76592,2.8533,-1.0326292965209534,49.36886522216703
241,48.8734,1.58301,2.89486,-0.8461534639673333,49.57580686121881
242,48.8492,1.97618,2.78798,-1.2396797851032932,49.55833335346572
243,49.0694,1.78571,2.8423,-1.0454723543539421,49.77524424471311
244,52.6664,1.88496,3.00168,-1.0832014573084123,53.37341545760588
245,52.8734,1.71544,3.06359,-0.9101666750799383,53.577486510279066
246,52.7907,2.10925,3.135,-1.3053332150147796,53.501532499088576
247,53.0392,1.94912,3.13074,-1.1409774366191499,53.74725804722708
248,61.4093,2.16829,3.53086,-1.2169920670033585,62.11988196538246
249,61.4068,1.89968,3.50818,-0.9484640874366226,62.11278927267753
250,61.1523,2.18347,3.38291,-1.2365643823009682,61.86317910822287
251,61.1564,1.88576,3.39817,-0.9388278015361178,61.86218785928558
252,67.2663,2.24531,3.76996,-1.1938498738327774,67.97734263697858
253,67.3531,1.97482,3.72945,-0.9219151965730695,68.05950474140427
254,67.4397,2.32438,3.5515,-1.2699432849675834,68.15206933122383
255,67.6099,2.09367,3.64483,-1.0363567053324052,68.31829945459
256,73.2694,2.33305,4.03388,-1.1789278973267419,73.98106525317407
257,73.3426,2.06778,4.03121,-0.9124450081303614,74.04971860462577
258,73.4608,2.38452,3.82747,-1.2271175552894493,74.1733173734886
259,73.6122,2.1526,3.95922,-0.9926426204688467,74.32072955528128
260,78.8138,2.40176,4.13511,-1.1528221780372103,79.52582953270122
261,78.957,2.17233,4.23132,-0.9209770938922848,79.66508549077064
262,79.0334,2.57026,4.15713,-1.3175425238048648,79.74827866776401
263,79.2022,2.33242,4.21567,-1.076850925708566,79.91298707740314
264,84.9484,2.61009,4.55936,-1.256224005295143,85.66309493441067
265,84.849,2.37011,4.70545,-1.0179787675572607,85.55960596352382
266,84.8094,2.50319,4.32842,-1.151716445164615,85.52228733562578
267,84.876,2.23701,4.44635,-0.8844365447690521,85.58432609161379
268,90.9205,2.66202,4.85862,-1.2060273444382579,91.63520975498628
269,90.8659,2.39238,4.81159,-0.9373603919490325,91.57600706720817
270,91.0906,2.65171,4.62526,-1.1928102512254009,91.80510859120066
271,91.15,2.37446,4.74588,-0.914585084684341,91.85975910998319
272,96.7484,2.72055,5.01155,-1.164895445873796,97.46325851403252
273,96.9669,2.50529,5.01485,-0.9459307084451494,97.67804576077403
274,96.9675,2.89717,4.9818,-1.3377431541377542,97.68534656897447
275,97.1461,2.69728,5.11407,-1.1348284338773746,97.86050246639631
276,102.193,2.85147,5.2753,-1.2026971469942531,102.90930113577103
277,102.374,2.62416,5.28362,-0.9723253972102326,103.08638781793952
278,102.408,3.00962,5.39434,-1.357147663021484,103.12697396503302
279,102.595,2.78397,5.34762,-1.1283330743971802,103.3100881549056
280,106.359,2.92111,5.75543,-1.201091045078731,107.07588284624264
281,106.632,2.78551,5.74548,-1.0608427460417131,107.34652425958735
282,106.307,2.78879,5.49746,-1.0696795574341251,107.02162786200128
283,106.462,2.56987,5.62669,-0.8481411642682706,107.17286180909483
284,114.951,3.0503,6.03666,-1.1833444836979623,115.66883572145726
285,114.947,2.76631,6.05299,-0.8994644017944607,115.65998025995256
286,114.898,3.01236,5.75087,-1.1463162966116023,115.61519472071065
287,115.051,2.74966,5.80662,-0.8810385030005125,115.76368035037505
288,120.843,3.00322,6.16564,-1.035521957042974,121.5591692457166
289,121.087,2.8451,6.18774,-0.8732528318812959,121.80042982148328
290,120.996,3.23869,6.12143,-1.2683413286421956,121.71617326193319
291,121.233,3.08731,6.21781,-1.112930913558167,121.95055011079718
292,126.823,3.16005,6.49347,-1.0900748743959356,127.54097663379824
293,126.819,2.87675,6.47527,-0.806884691611199,127.53213297084969
294,126.877,3.15754,6.20791,-1.0866418761051972,127.59492581935962
295,127.042,2.91125,6.29078,-0.8375664909941671,127.75569029501203
296,132.876,3.2465,6.67664,-1.0730098285921172,133.59456989620958
297,133.075,3.0693,6.68967,-0.8924329640696519,133.79051079546042
298,133.04,3.43937,6.53902,-1.2630473355868184,133.761843871577
299,133.272,3.27167,6.65027,-1.091404803347058,133.9909423899623
300,138.74,3.31387,6.88655,-1.0400993507995293,139.45886453558023
301,138.95,3.15826,6.94495,-0.880921236793587,139.66617300169173
302,138.88,3.5566,6.92864,-1.2803999525904628,139.6029945937878
303,139.119,3.38116,6.99523,-1.1008988564777409,139.83895973971897
304,144.685,3.43344,7.18343,-1.0579961932254398,145.40503991879348
305,144.884,3.24086,7.20876,-0.8620415773310844,145.60071782993748
306,144.879,3.64262,7.1451,-1.2638283349191675,145.6025883985289
307,145.092,3.44128,7.1879,-1.058875608783381,145.81211447244215
308,149.263,3.63197,7.49947,-1.178216312006561,149.98576532902496
309,149.333,3.35688,7.49459,-0.9019695764818224,150.05105123264838
310,149.47,3.69253,7.30575,-1.235227891003348,150.1937706016992
311,149.591,3.43138,7.37408,-0.9720470501909944,150.31028741391663
312,-0.145369,-1.19959,0.784211,1.0978502882834693,0.5166239649801485
313,-0.397673,-1.06666,0.735094,0.9606254871672341,0.26662987050067966
314,0.00638235,-0.999012,0.695978,0.8998964641984502,0.6717828829995125
315,-0.23762,-0.834263,0.655138,0.730999268044164,0.4306333092123232
316,4.46649,-0.952797,1.09724,0.9299531928994335,5.132028691121899
317,4.48648,-1.1498,0.880845,1.127269206278612,5.1486471439123305
318,4.6621,-0.801424,0.963369,0.7819471295156434,5.33019847295211
319,4.50934,-0.902113,0.715994,0.8800093105746103,5.175739090048518
320,10.4209,-0.792631,1.28322,0.8716271907460776,11.088306864035653
321,10.5191,-1.06866,1.30821,1.1492949908449668,11.181772588390858
322,10.7075,-0.73344,1.23618,0.8173455203923823,11.375877089797314
323,10.6967,-0.994854,1.0866,1.078536627387031,11.360608657562475
324,16.5555,-0.865608,1.5218,1.0494912350858263,17.220762096995784
325,16.3473,-0.825398,1.3039,1.005727027900977,17.01328010194686
326,16.693,-0.641852,1.4315,0.8281191108152571,17.362068077520092
327,16.5532,-0.667456,1.17809,0.8513288773167447,17.22185070500532
328,22.7216,-0.821209,1.76091,1.1105350700847259,23.38671977860613
329,22.4655,-0.893418,1.62969,1.1783543675266646,23.129422494175294
330,22.6828,-0.549949,1.68577,0.8386512745266345,23.352563822860088
331,22.4306,-0.620725,1.55458,0.9051044689712172,23.099190471609187
332,28.5638,-0.637663,2.15205,1.0269137673760567,29.231204140108805
333,28.6662,-0.798231,1.93646,1.18920926571284,29.330843559234044
334,28.6413,-0.40766,1.99559,0.7982695950411696,29.31262571259604
335,28.5618,-0.572921,1.76597,0.962147034246502,29.2303114790729
336,34.5748,-0.477262,2.36039,0.9693204521792923,35.24406805764807
337,34.5782,-0.708293,2.19234,1.2003758121768446,35.24351707906279
338,34.6778,-0.318914,2.15915,0.8127568371445758,35.349760647507814
339,34.5402,-0.510126,1.97044,1.0015880095648537,35.208911163070056
340,40.8268,-0.400373,2.66186,0.9993478721133581,41.49646873837648
341,40.5752,-0.450303,2.52585,1.0449683739549283,41.244051752593585
342,40.8135,-0.127623,2.60651,0.7264103279973805,41.48783453245243
343,40.5855,-0.179755,2.42027,0.7746360527155296,41.258976443455325
344,48.8884,-0.262412,3.03095,0.9992552170351848,49.559249139015954
345,48.9625,-0.445763,2.81097,1.1838464725945204,49.630203121089046
346,49.0721,-0.0709232,2.89518,0.8109355654305452,49.74619661651952
347,48.9634,-0.195931,2.64931,0.934066388625343,49.63537495600042
348,52.9973,-0.0819409,3.32434,0.8890700497067309,53.670634338293205
349,52.9828,-0.284173,3.12308,1.0910246417526608,53.65267841943696
350,53.0393,0.109734,3.12151,0.6981413464592913,53.715905715191425
351,52.8483,-0.065845,2.96366,0.8704286988470089,53.52193135232812
352,58.3737,0.104151,3.36574,0.7949383388463711,59.04943033519215
353,58.4261,-0.173648,3.41261,1.073592729623806,59.09707248986064
354,58.663,0.149648,3.39044,0.7543948346288961,59.33946600760981
355,58.6633,-0.0957309,3.55318,0.9997429888902726,59.33557014239835
356,64.3471,0.185526,3.7614,0.8157165338640853,65.02334845626116
357,64.4365,-0.0717664,3.66442,1.0744999990023407,65.10833585102532
358,64.6095,0.286553,3.68222,0.7191911756963866,65.28743758886529
359,64.5673,0.0914198,3.45496,0.9135742534528019,65.24190710650255
360,70.4017,0.252979,3.97681,0.8518031611882358,71.07821664826481
361,70.4731,-0.0228362,3.88342,1.128798929784784,71.14488994674814
362,70.6721,0.317238,3.88926,0.79217722222055,71.34967590208242
363,70.6106,0.125487,3.66731,0.9828485768851852,71.28490607491459
364,76.6801,0.29632,4.25623,0.9158250992656137,77.35643981996918
365,76.5462,0.0657041,4.19814,1.1441176782709404,77.21861601323062
366,76.5373,0.440737,4.06007,0.768987425564201,77.21613013580249
367,76.3291,0.230194,4.07737,0.9759395571150861,77.0043604257504
368,82.095,0.434489,4.60002,0.8702676070874652,82.77291073722402
369,81.9878,0.25933,4.39757,1.043567946976812,82.66273130413764
370,82.1611,0.622662,4.39648,0.683252386343505,82.84221871035184
371,81.9402,0.50065,4.23562,0.8014692997109447,82.61926468025175
372,87.8661,0.590249,4.69854,0.8132124776703867,88.5458303711534
373,87.8908,0.298638,4.71237,1.105203196886685,88.56554039937632
374,88.159,0.591658,4.68,0.8168120852649039,88.83871164079379
375,88.1054,0.341023,4.51421,1.0664939157309852,88.78083378008601
376,93.9196,0.591354,5.09162,0.9156185953134367,94.59846421586053
377,94.1565,0.441564,4.9762,1.0694375329272443,94.83276826732221
378,94.0161,0.810099,4.94618,0.6985556647844182,94.69869050590039
379,94.0755,0.61059,4.73516,0.8990511974241697,94.75467034577603
380,102.277,0.72897,5.53075,0.9209288795213323,102.95699546987504
381,102.448,0.489023,5.48033,1.1637647881492021,103.12386752951919
382,102.518,0.871988,5.44224,0.7820527344002575,103.2004057503488
383,102.531,0.649786,5.24423,1.0044445390638062,103.20960433841927
384,106.292,0.779554,5.7989,0.9390061924910412,106.97227341191241
385,106.416,0.518756,5.73791,1.2018863828376944,107.09179580448932
386,106.531,0.891647,5.69292,0.8310163272764731,107.21315518718805
387,106.541,0.659777,5.50936,1.0630234203628424,107.2191888972915
388,112.081,0.794448,6.06389,1.0231025462901338,112.7606817107899
389,111.915,0.664606,5.87495,1.1500870695604442,112.59248576608904
390,112.075,1.0307,5.91331,0.7867824912997101,112.75872234524896
391,111.815,0.936094,5.80151,0.876928826703914,112.49714265672327
392,117.869,0.97615,6.21679,0.9403981888441625,118.55094246537284
393,117.992,0.766007,6.05085,1.1526136858325637,118.67033117207062
394,118.046,1.14604,6.10784,0.7735596137034705,118.73082159686125
395,118.006,0.992753,5.85429,0.9261402281553731,118.68820633595062
396,123.839,1.08888,6.4499,0.9297678302969355,124.5219972338687
397,123.962,0.807861,6.44006,1.212848964881832,124.64017400655744
398,124.115,1.17118,6.41748,0.8521992854058359,124.7993641584352
399,124.134,0.934119,6.23892,1.0895505137544186,124.81430778993557
400,130.025,1.10835,6.74543,1.016077297758482,130.70742573614132
401,129.858,0.926842,6.58857,1.194703167860604,130.5373464822793
402,129.984,1.31255,6.55866,0.8112060791291266,130.66992341918194
403,129.786,1.15344,6.41798,0.9669071438646087,130.46923168905772
404,135.957,1.26963,7.028,0.9562542618923785,136.64131623418552
405,135.962,1.05075,6.83651,1.1751877573939018,136.64257279595665
406,135.92,1.45038,6.81594,0.7748980121900777,136.60741235249162
407,135.801,1.22882,6.65952,0.9943907956260202,136.484641217368
408,141.703,1.30777,7.13193,1.016372742025406,142.38712831151167
409,141.593,1.44888,6.90239,0.8734024437264921,142.27955728425837
410,141.956,1.43759,7.0965,0.8908978595758534,142.64231116021875
411,141.825,1.6258,6.91477,0.7004753610260172,142.51454858296688
412,149.323,1.52341,7.55071,0.9310613680403798,150.0097015370746
413,149.207,1.31661,7.38391,1.135847607527775,149.89018234984252
414,149.586,1.44256,7.46612,1.0163966782165934,150.27128060224828
415,149.468,1.18383,7.38399,1.273071126581013,150.14887373782955
416,-0.0558883,-2.3747,0.796915,2.274318544103471,0.5859979573716377
417,-0.312427,-2.27504,0.744795,2.170286468111218,0.3312008864260868
418,0.0653815,-2.10661,0.775017,2.0083413756916375,0.71183419370944
419,-0.20804,-2.00276,0.735472,1.8998312272768882,0.44022843741318773
421,7.66924,-1.95112,1.1602,1.9828951982276128,8.317239752926827
422,7.5258,-2.16085,1.07502,2.190141802986048,8.170234476436146
423,7.55445,-1.75237,1.03632,1.7822114212481135,8.20586503291711
424,7.37852,-1.95926,0.90051,1.9860628831270526,8.026423068789931
425,13.6579,-1.91627,1.42311,2.0504525272562,14.3056200953395
426,13.7472,-2.18262,1.40203,2.3182905581951934,14.390352625590419
427,13.8906,-1.82403,1.31008,1.9622050334924241,14.539863318175106
428,13.8391,-2.07024,1.13024,2.207498419563428,14.48416081509112
429,19.7583,-1.8538,1.73757,2.092304576581543,20.406196385073713
430,19.6164,-2.02607,1.60905,2.262122991177006,20.261371425331674
431,19.7658,-1.64241,1.57827,1.881073727966279,20.417309921561955
432,19.5371,-1.78619,1.43201,2.020922083767408,20.18618481306069
433,25.5941,-1.63316,1.97293,1.9714852613063896,26.244915965825683
434,25.6661,-1.89586,1.88436,2.2353780070207194,26.31241343806985
435,25.82,-1.5344,1.84815,1.8766024451712826,26.472471670659182
436,25.7154,-1.73177,1.62768,2.072154996035843,26.36451206362783
437,31.904,-1.60441,2.23869,2.050634695848786,32.55438503536803
438,31.7325,-1.79198,2.14403,2.2352447325527107,32.3797027831265
439,31.7853,-1.39153,2.12222,1.8357561262566426,32.43934250092953
440,31.6242,-1.58232,1.95323,2.0237635254916717,32.2750036682305
441,37.7209,-1.45724,2.5258,2.002951461072589,38.37295108964818
442,37.911,-1.63471,2.39852,2.183646101844712,38.55998867329445
443,37.803,-1.25552,2.35171,1.8026648106715457,38.45848836848688
444,37.8076,-1.48085,2.15379,2.028040523410128,38.45923469788882
445,43.7762,-1.40601,2.87655,2.0552706860678023,44.42824177644398
446,43.661,-1.60398,2.74639,2.251241896027998,44.30967345956828
447,43.6672,-1.19158,2.75529,1.8390082068534022,44.32292432782296
448,43.5054,-1.39027,2.59247,2.0349024815216663,44.15775051254889
449,49.2436,-1.24174,3.0493,1.9845137262076105,49.89765132826321
450,49.1185,-1.48148,2.99434,2.2220795455661397,49.76847021868246
451,49.0186,-1.08772,2.97098,1.8266688893849616,49.67531786724478
452,48.9151,-1.33016,2.83317,2.0673036600966346,49.56768743137954
453,53.1744,-1.17482,3.29943,1.9848176617387507,53.82902091582721
454,52.9815,-1.35295,3.20543,2.1596231523804827,53.633103210293726
455,53.0581,-0.947774,3.18929,1.7558162017384258,53.71662025998518
456,52.85,-1.12326,3.07181,1.927718168722752,53.50554998746221
457,61.5887,-0.992826,3.66561,1.9467293876173966,62.24520268604881
458,61.5088,-1.30879,3.67273,2.2612809535948517,62.15991158664723
459,61.7187,-0.961782,3.6486,1.9179128427732632,62.37571451187026
460,61.4428,-1.03809,3.58784,1.9894919736585315,62.09855003202893
461,67.5586,-0.818768,3.93424,1.874778285575633,68.21720613851592
462,67.4846,-1.08859,3.84107,2.143295483934653,68.13860317502584
463,67.8228,-0.878513,3.86282,1.9390322006298988,68.48034591016817
464,67.7062,-1.04827,3.64657,2.106770596363522,68.36086022213101
465,73.6301,-0.773168,4.16128,1.9330036970178022,74.28859818741725
466,73.6864,-1.06512,4.15454,2.225875706051606,74.33989776469139
467,73.9086,-0.748849,4.10792,1.9134504234245318,74.56747330866831
468,73.8513,-0.983406,3.9227,2.1469933369496204,74.50617091237571
469,79.2046,-0.747618,4.47178,2.002777796751155,79.86272005794595
470,78.9967,-0.886618,4.35781,2.1382025180310973,79.65247364331245
471,79.1745,-0.518456,4.3199,1.7731346106718107,79.83654298149865
472,78.9244,-0.638842,4.20681,1.8892264605509708,79.58442102412955
473,85.053,-0.509821,4.73995,1.865019441804894,85.7143311701826
474,84.9627,-0.786877,4.74008,2.14049086300417,85.61930689308222
475,85.1532,-0.559459,4.47029,1.9163635400429266,85.81366774260246
476,84.9229,-0.745144,4.44781,2.098083410165782,85.58022631948408
477,90.854,-0.464747,4.94977,1.9191454003424886,91.51525377319055
478,90.872,-0.757745,4.94244,2.2124083510826584,91.52824106417708
479,91.15,-0.468433,4.95581,1.927892271030043,91.81114746837376
480,91.1119,-0.710208,4.78123,2.168980436899292,91.76891884179415
481,97.1224,-0.48092,5.27864,2.0425016436265317,97.78246075582419
482,96.8612,-0.485292,5.16862,2.042406652436501,97.52122418610112
483,97.2087,-0.274768,5.14064,1.837855458503019,97.87227320495232
484,96.9741,-0.309168,4.95586,1.8682389199681544,97.63711928670006
485,102.507,-0.34627,5.72338,1.9999445264445554,103.16857593044469
486,102.395,-0.530833,5.5258,2.1825654145126108,103.05343639678992
487,102.569,-0.169936,5.49948,1.824696467420612,103.23358206372717
488,102.331,-0.292308,5.36429,1.9429809291539366,102.99352437795882
489,106.328,-0.230025,5.86111,1.9490531641507942,106.9910049970552
490,106.404,-0.514433,5.84844,2.234719133480746,107.06213069164427
491,106.604,-0.180951,5.78339,1.9047057614627139,107.26780377839431
492,106.548,-0.4223,5.60694,2.145061911129333,107.20768505320459
493,114.962,-0.136158,6.09173,2.0028357341268554,115.62534773109442
494,114.943,-0.383313,6.06639,2.249629711128807,115.60212431746591
495,115.132,-0.0393455,6.06622,1.9089442792157854,115.79697830777273
496,114.877,-0.128538,5.93827,1.993763402882821,115.54049045559135
497,121.187,-0.130719,6.33298,2.1038410251036717,121.84953061030961
498,120.947,-0.286665,6.29526,2.255660379447283,121.60689912314712
499,121.041,0.107172,6.29157,1.8634882997977145,121.70761973927078
500,120.838,-0.0547343,6.14545,2.0218997589172756,121.50188092523877
501,126.9,0.041938,6.5915,2.0288978934800332,127.5646476665624
502,127.017,-0.240506,6.57758,2.313301223582748,127.6768009498959
503,127.168,0.107585,6.52858,1.9678431189882548,127.83373100517845
504,127.135,-0.123346,6.33359,2.1981760770205714,127.7967870583795
505,133.046,0.122521,6.9422,2.0534193216787053,133.71112701001164
506,132.868,-0.019884,6.77948,2.1927598158985115,133.53071800054818
507,133.052,0.344954,6.79025,1.8311214385666914,133.7209295940035
508,132.805,0.24178,6.64847,1.9300568129268763,133.4722014975282
509,138.81,0.218592,7.16063,2.055923060017047,139.4759270384892
510,139.014,-0.00398168,7.12514,2.2819524674785105,139.67609134597524
511,138.985,0.368202,7.00608,1.9093273211317705,139.65345968743213
512,139.012,0.114048,6.84687,2.163905845257613,139.67610986999006
513,144.854,0.386216,7.42497,1.9916720796295018,145.52190963992757
514,144.983,0.11918,7.43341,2.2608748547350586,145.64632463569365
515,145.101,0.471493,7.31436,1.910631088644006,145.7703317092151
516,145.052,0.209015,7.15545,2.172232844649012,145.71685066828377
517,149.299,0.458164,7.63327,1.9957412395187288,149.9674900246065
518,149.283,0.170996,7.58645,2.2825936645027283,149.94658197580225
519,149.497,0.466878,7.41574,1.9904141861829092,150.16561007987286
520,149.338,0.240278,7.30257,2.2142622584772167,150.00275861217875
521,-0.0998771,-3.31018,0.722602,3.208909592357226,0.526019482487836
522,-0.193274,-3.28545,0.999955,3.182586181086718,0.4330591046449416
523,0.116986,-3.12136,0.809877,3.023825418239354,0.746079576627403
524,-0.109078,-3.00183,0.968496,2.900447345101415,0.5220925143564552
525,4.71221,-2.99333,0.990761,2.9743895113483543,5.342820963978432
526,4.76841,-3.28798,0.93033,3.2699574159862332,5.3939744218085135
527,4.96881,-3.01623,1.11381,3.0016738582030684,5.598991872585775
528,4.86867,-3.28339,1.20621,3.2670824685735207,5.494298249373922
529,10.7001,-2.91204,1.38994,2.99550046361798,11.331225513096193
530,10.7382,-3.19504,1.37039,3.279110573183303,11.364480824737274
531,10.9878,-2.8783,1.35414,2.9666848815011813,11.619460382304048
532,10.9663,-3.12827,1.19425,3.2162506985450596,11.593689199498023
533,16.7245,-2.94118,1.63599,3.1276495680187963,17.354246442314857
534,16.7816,-3.08986,1.40278,3.277284203576136,17.408795761665534
535,16.8888,-2.73184,1.54952,2.9211495988223404,17.5221020002266
536,16.805,-2.8187,1.2727,3.0065639733874336,17.436829002052182
537,23.0543,-2.91412,1.84918,3.2088290326745965,23.683583704470998
538,22.7908,-3.02096,1.80145,3.3111477316620155,23.418295334131244
539,22.9472,-2.64689,1.8352,2.9398067618455763,23.58106882409747
541,28.8209,-2.65052,2.0494,3.0438727228657543,29.4538479909534
542,28.9005,-2.9222,2.05745,3.316874110773282,29.528790799818317
543,29.0653,-2.55254,2.11491,2.9500861307908672,29.699887653501897
545,34.6572,-2.53907,2.48014,3.0322359931790346,35.291200419839484
546,34.7587,-2.80647,2.3877,3.3013324827554564,35.38811321206861
547,34.8643,-2.43636,2.30352,2.933082286645545,35.50002641578028
548,34.7791,-2.66275,2.12609,3.1579823221709957,35.410967749045085
549,40.8429,-2.5118,2.58438,3.1107414712301265,41.476462340956154
551,40.9361,-2.28737,2.71598,2.887937943997487,41.57348632331461
552,40.6532,-2.18295,2.71752,2.778695802666454,41.292413199452845
553,49.3498,-2.3459,3.04207,3.0903282445255758,49.98495537557607
554,49.4624,-2.57824,3.05558,3.324559662898305,50.09356604838081
555,49.266,-2.23636,2.96518,2.979371333691498,49.90304069106737
557,53.2637,-2.17095,3.41243,2.982328995420142,53.90127467750902
558,53.2229,-2.4125,3.25739,3.2231460259222207,53.85635029303733
559,53.0892,-2.02695,3.24337,2.835366211142395,53.72926249759919
560,52.9886,-2.27832,3.13453,3.0849792643807747,53.624378940484576
561,58.526,-2.01723,3.66659,2.9186134150310368,59.165433817696155
562,58.5822,-2.27516,3.53032,3.177466688305078,59.2172151639061
563,58.7381,-1.90735,3.49501,2.8123762535689143,59.37938168500142
564,58.6471,-2.10802,3.29742,3.0114608732098036,59.28496366170903
565,64.7813,-1.99999,3.8286,3.0083375418789107,65.42011405641831
566,64.5563,-2.12359,3.71068,3.12807211571063,65.19303347197891
567,64.6896,-1.73982,3.78975,2.746637568938742,65.33287620303392
569,70.642,-1.87274,3.9664,2.981320346530973,71.28213308774663
570,70.6844,-2.16375,3.96393,3.2730128122307662,71.31955080485999
571,70.9162,-1.84273,4.02568,2.95600337775456,71.5568061501171
573,76.7644,-1.77362,4.35437,2.9869039401066537,77.40533285240258
574,76.7374,-2.05106,4.32277,3.2638416944456123,77.37359275439242
575,77.0509,-1.77696,4.35827,2.9951424174919046,77.69173385290777
577,82.1943,-1.60454,4.62677,2.9106964576128846,82.8373301348036
578,82.0397,-1.81077,4.50694,3.114252745266398,82.67922633770587
579,82.2255,-1.46778,4.39754,2.7744899524966935,82.87086408124645
580,81.9812,-1.61197,4.29196,2.9144814983885974,82.62413424280209
581,87.9177,-1.53534,4.82994,2.9393730334009853,88.56107662237632
582,88.0184,-1.80917,4.83963,3.21488490339586,88.6570795827053
583,88.2024,-1.45076,4.79713,2.859673586260302,88.84718126149541
585,93.9607,-1.48389,5.18002,2.9912619684732036,94.60407286934829
586,93.9929,-1.74989,5.05814,3.257773677313406,94.63171973266178
587,94.1424,-1.38499,4.99368,2.8954833812383973,94.78743743033894
588,94.0272,-1.59041,4.80758,3.0989035019736635,94.66874172325545
589,102.391,-1.36412,5.54748,3.0156621866193114,103.03518830992044
590,102.418,-1.54941,5.5387,3.2013867789848254,103.05901602258163
591,102.664,-1.22719,5.59829,2.8834203308200967,103.31048981096026
593,106.336,-1.27483,5.81883,2.993842203615186,106.98113833398838
594,106.306,-1.55527,5.80171,3.2737282212698284,106.94634737652201
595,106.622,-1.29463,5.78189,3.0185297247928884,107.26675795218381
597,112.037,-1.30185,5.96509,3.1183416859969526,112.68084279643962
598,111.794,-1.37822,5.8537,3.190545376654609,112.43657244630393
599,111.986,-1.02982,5.95104,2.84547939086412,112.63450179089547
600,111.713,-1.09336,5.85355,2.904341976625427,112.36045521164753
601,117.879,-1.06555,6.13805,2.9819706762990728,118.52602924664923
602,117.86,-1.35264,6.09277,3.268693814616788,118.50212297020892
603,118.142,-1.10066,6.21812,3.0215726738777406,118.78839043640065
605,123.943,-1.03885,6.54139,3.058965079297002,124.58959921424315
606,123.987,-1.31602,6.55725,3.3368469274404853,124.62885335252642
607,124.201,-0.969424,6.49382,2.9939608637452406,124.84874863337524
609,129.923,-0.92556,6.70077,3.0479457961919025,130.5706620963319
610,129.982,-1.20899,6.67447,3.332343219445287,130.6248069995716
611,130.207,-0.874539,6.71741,3.001788473018351,130.8554930004811
613,136.173,-0.83611,7.01664,3.065379853889561,136.82127785448984
614,136.022,-1.06842,6.95475,3.295073886209097,136.6663275798312
615,135.953,-0.664874,6.9902,2.8904070309105805,136.60423804497378
617,141.978,-0.758306,7.27534,3.0868489951336113,142.62675953462548
618,141.963,-1.04082,7.26791,3.3690651999109815,142.60693092002288
619,142.233,-0.75386,7.15629,3.0867639811309378,142.88179827617
621,149.462,-0.651629,7.67707,3.1081591777290907,150.11148944681645
622,149.419,-0.933209,7.6379,3.388962737072637,150.06368089674436
623,149.337,-0.604104,7.41753,3.058503706513148,149.98732036933205
624,149.199,-0.86486,7.45348,3.3168618715318665,149.84488178571036
