time,x,y,z,roll,pitch,yaw
1767717686.509980,0.000000,0.000000,0.000000,0.000000,-0.000000,-0.000000
1767717686.577789,0.043411,-0.030691,-0.020944,-0.008027,0.022777,0.001504
1767717686.684536,0.032171,0.032622,-0.032493,-0.021626,0.014111,-0.016429
1767717686.781589,0.005203,-0.010492,-0.056031,-0.017447,0.022383,-0.002726
1767717686.912407,0.055135,0.011059,-0.014986,-0.019507,0.010858,-0.008504
1767717686.965926,0.009784,-0.012295,-0.041310,-0.017135,0.012243,-0.007404
1767717687.575194,0.104637,-0.010540,-0.021891,-0.014673,0.000474,-0.003183
1767717687.672470,0.172669,0.002435,-0.004569,-0.012506,0.002183,-0.003704
1767717687.777415,0.264581,-0.000988,-0.023464,-0.003521,-0.001146,-0.004136
1767717688.009864,0.481019,0.005048,-0.019840,-0.006567,-0.024085,-0.010939
1767717688.088901,0.697355,0.000944,0.056868,-0.008463,-0.003689,-0.019335
1767717688.188261,0.697190,0.000425,-0.028090,-0.007072,0.012348,-0.020883
1767717688.290394,0.896021,0.002507,0.025470,0.003303,0.002931,-0.020160
1767717688.385535,1.096400,-0.002352,0.020549,0.019499,0.020317,-0.019821
1767717688.489321,0.979882,-0.049977,-0.067380,0.023455,0.010482,-0.009774
1767717688.589695,1.340444,-0.022445,0.077018,0.016238,-0.015991,-0.022141
1767717688.693999,1.352300,-0.011024,-0.005835,0.023777,-0.020105,-0.021845
1767717688.793415,1.688727,-0.031178,0.101163,0.021682,-0.028766,-0.025046
1767717688.952747,1.400932,-0.024446,0.024122,0.017544,-0.017122,-0.028135
1767717689.019977,1.537645,-0.025014,0.053251,0.029786,-0.029804,-0.031310
1767717689.107181,1.571846,-0.034071,0.036723,0.012178,-0.017128,-0.015402
1767717689.198629,1.686349,-0.030274,0.066043,0.003340,-0.035681,-0.012087
1767717689.405466,1.721475,-0.026397,0.050095,-0.002007,-0.014410,0.031529
1767717689.518219,1.834375,-0.010462,0.064124,-0.000671,-0.028187,0.024308
1767717689.605528,1.883850,-0.016531,0.056771,-0.010171,-0.007730,0.032015
1767717689.707335,1.994404,-0.002171,0.067712,-0.010081,-0.017028,0.030234
1767717689.806811,2.077069,0.002849,0.068393,-0.006778,-0.010810,0.034899
1767717689.906916,2.174599,0.011798,0.072412,-0.004304,-0.032804,0.031075
1767717690.063040,2.283646,0.016632,0.084367,-0.001027,-0.041759,0.026815
1767717690.139217,2.391243,0.026151,0.083150,0.001518,-0.040576,0.023178
1767717690.214782,2.498427,0.032962,0.095590,-0.000329,-0.043918,0.014483
1767717690.299303,2.612442,0.042398,0.102320,0.000103,-0.032192,0.008593
1767717690.415629,2.725720,0.045700,0.102298,-0.004533,-0.015897,0.000271
1767717690.519697,2.798804,0.050820,0.106212,-0.015779,-0.007667,-0.006464
1767717691.125310,2.889424,0.052043,0.116199,-0.008858,-0.037066,-0.009344
1767717691.212298,2.984121,0.057047,0.122896,-0.003914,-0.030085,-0.004846
1767717691.309908,3.077497,0.060443,0.123394,0.002038,-0.023342,-0.007228
1767717691.511021,3.184618,0.062164,0.129945,-0.009640,-0.023385,-0.011780
1767717691.710814,3.301097,0.066061,0.135496,-0.015215,-0.028303,-0.014738
1767717691.815246,3.395992,0.071807,0.142326,-0.016536,-0.034412,-0.017871
1767717691.918387,3.526096,0.075790,0.150407,-0.021303,-0.035181,-0.020293
1767717692.016002,3.659501,0.082036,0.158199,-0.013575,-0.028756,-0.023122
1767717692.221544,3.788889,0.081569,0.164688,-0.015320,-0.019652,-0.015379
1767717692.339236,3.908001,0.086691,0.166215,-0.014571,-0.026896,-0.017097
1767717692.456933,4.039523,0.089111,0.173943,-0.017034,-0.027740,-0.014628
1767717692.598742,4.176007,0.092022,0.187841,-0.013179,-0.032827,-0.017081
1767717692.702157,4.301848,0.094411,0.180370,-0.012068,-0.034314,-0.014912
1767717692.803685,4.442358,0.099604,0.192488,-0.022696,-0.039906,-0.019244
1767717692.904274,4.571596,0.100590,0.205382,-0.020464,-0.035585,-0.018471
1767717693.002704,4.715040,0.106463,0.203826,-0.018319,-0.037342,-0.021619
1767717693.111057,4.863654,0.109519,0.222350,-0.027630,-0.024364,-0.029118
1767717693.281823,5.031089,0.112312,0.219192,-0.030010,-0.010783,-0.031149
1767717693.381715,5.159483,0.111649,0.231788,-0.034465,-0.007417,-0.028834
1767717693.475850,5.313043,0.115251,0.243887,-0.016900,-0.021803,-0.029163
1767717693.568147,5.462179,0.114199,0.233387,-0.012605,-0.021927,-0.027804
1767717693.678648,5.607432,0.119565,0.256791,-0.032546,-0.031534,-0.035931
1767717693.771971,5.753001,0.121801,0.257776,-0.029882,-0.024312,-0.029267
1767717693.868353,5.896452,0.120322,0.273398,-0.015779,-0.022928,-0.025487
1767717693.970656,6.067891,0.131305,0.270380,-0.021088,-0.022480,-0.035618
1767717694.068609,6.196284,0.124468,0.275584,-0.025760,-0.011257,-0.038395
1767717694.169835,6.345024,0.134392,0.297165,-0.038705,-0.026226,-0.046971
1767717694.273723,6.489964,0.125629,0.303033,-0.026168,-0.001417,-0.028097
1767717694.379504,6.618651,0.126020,0.291090,-0.024709,-0.028672,-0.019707
1767717694.484778,6.803001,0.134234,0.319471,-0.028605,-0.007977,-0.032278
1767717694.588283,6.930734,0.128697,0.314265,-0.023694,0.009518,-0.031102
1767717694.682014,7.085269,0.124665,0.324445,-0.010417,0.006388,-0.026936
1767717694.780235,7.235589,0.124711,0.321376,-0.004771,0.008410,-0.024592
1767717694.939606,7.418512,0.129491,0.343204,-0.001710,-0.014775,-0.025956
1767717695.035409,7.559921,0.120973,0.339899,0.009459,0.014903,-0.019696
1767717695.132591,7.699889,0.121707,0.333260,-0.004616,-0.014723,-0.016849
1767717695.236971,7.857997,0.120227,0.355660,-0.001499,-0.013236,-0.000308
1767717695.338098,8.011633,0.124742,0.357416,0.002017,-0.020188,0.014500
1767717695.448380,8.162865,0.126647,0.359476,-0.001546,-0.017768,0.018304
1767717695.556905,8.322220,0.133613,0.365956,-0.011069,-0.018261,0.013697
1767717695.658984,8.469355,0.134453,0.379936,-0.002156,-0.015544,0.016468
1767717695.766202,8.619357,0.136387,0.384744,0.006180,-0.019906,0.015734
1767717695.951021,8.775526,0.141231,0.380720,0.004256,-0.024248,0.012653
1767717696.053646,8.915521,0.142592,0.395105,0.000558,-0.022484,0.013483
1767717696.158151,9.072638,0.148835,0.407334,0.011939,-0.029072,0.012391
1767717696.265603,9.215614,0.152605,0.409328,0.007226,-0.021841,0.010422
1767717696.378560,9.366787,0.156424,0.413229,0.000790,-0.030203,0.006688
1767717696.492081,9.516791,0.159582,0.431085,0.008818,-0.023930,0.007035
1767717696.609388,9.654578,0.163095,0.421544,0.007525,-0.023823,0.004115
1767717696.720843,9.830374,0.171634,0.440640,-0.002359,-0.014064,-0.009435
1767717696.824153,9.973553,0.168508,0.445969,0.007121,-0.004392,-0.020670
1767717696.929701,10.120882,0.169145,0.442122,0.009887,0.005755,-0.028669
1767717697.032676,10.270998,0.173026,0.449097,0.003018,0.004807,-0.032374
1767717697.136168,10.411736,0.171833,0.457116,0.002478,-0.007658,-0.033581
1767717697.246835,10.569862,0.169545,0.466917,0.011469,-0.007004,-0.029688
1767717697.355974,10.706194,0.173747,0.463693,0.007126,-0.020303,-0.033586
1767717697.470045,10.858466,0.174036,0.479388,0.011320,-0.020612,-0.036270
1767717697.577816,10.983693,0.174505,0.475083,0.002003,-0.024501,-0.026377
1767717697.686730,11.135481,0.177243,0.490770,0.002599,-0.028155,-0.009966
1767717697.805107,11.278977,0.180348,0.493445,0.006892,-0.025754,0.007455
1767717697.915697,11.436347,0.188082,0.504616,0.008275,-0.027171,0.002393
1767717698.017486,11.569353,0.186500,0.499182,-0.002875,-0.016324,-0.001094
1767717698.116709,11.728073,0.192917,0.514437,-0.000975,-0.010842,0.001262
1767717698.219579,11.865881,0.198963,0.516770,0.003372,-0.016055,0.001980
1767717698.323114,12.018271,0.198415,0.517332,-0.000069,-0.009866,-0.000715
1767717698.422314,12.164295,0.202586,0.534492,-0.004419,-0.018428,-0.003389
1767717698.524461,12.319602,0.206162,0.539107,0.002355,-0.005692,-0.000364
1767717698.629783,12.457679,0.210918,0.537397,-0.007419,-0.015337,-0.007112
1767717698.728257,12.594747,0.215365,0.536702,-0.018297,-0.013357,-0.009692
1767717698.827757,12.755427,0.219262,0.561394,-0.013360,-0.011528,-0.009451
1767717698.927147,12.892036,0.219584,0.550160,-0.013841,-0.015161,-0.014997
1767717699.033105,13.032722,0.225997,0.562627,-0.017263,-0.015163,-0.023081
1767717699.129440,13.177883,0.228648,0.569397,-0.022398,-0.022990,-0.025625
1767717699.223392,13.328481,0.228650,0.575490,-0.016008,-0.015093,-0.025038
1767717699.319650,13.471473,0.233351,0.583047,-0.016655,-0.009919,-0.031100
1767717699.430693,13.618667,0.233982,0.585426,-0.016329,0.000131,-0.029279
1767717699.550751,13.767202,0.233023,0.596383,-0.013535,-0.009585,-0.026564
1767717699.651429,13.912505,0.236612,0.594945,-0.008808,-0.021433,-0.029889
1767717699.758703,14.055836,0.238536,0.593873,-0.019045,-0.033221,-0.032330
1767717699.860922,14.195130,0.238900,0.609337,-0.016355,-0.042117,-0.032650
1767717699.970003,14.355175,0.242374,0.625305,-0.016237,-0.026672,-0.033380
1767717700.072484,14.490941,0.241829,0.619774,-0.010510,-0.027195,-0.041331
1767717700.174670,14.652461,0.240964,0.637334,-0.008292,-0.004720,-0.046890
1767717700.277092,14.782580,0.240218,0.629519,-0.011080,-0.012599,-0.046166
1767717700.384886,14.940782,0.240020,0.660328,-0.003158,-0.004472,-0.046553
1767717700.504880,15.074320,0.236261,0.641702,-0.002442,-0.018013,-0.041876
1767717700.612158,15.228496,0.241174,0.665190,-0.007304,-0.009025,-0.044725
1767717700.711092,15.370126,0.232386,0.662026,0.003367,-0.015473,-0.042198
1767717700.809936,15.517949,0.233608,0.676981,-0.000328,-0.014780,-0.048228
1767717700.910785,15.653691,0.230976,0.675463,-0.000405,-0.024309,-0.050698
1767717701.016029,15.792958,0.230259,0.686010,0.000864,-0.014664,-0.052135
1767717701.117508,15.937741,0.222466,0.686569,0.008498,-0.018901,-0.047281
1767717701.220463,16.079213,0.223795,0.691205,0.002409,-0.023702,-0.055420
1767717701.325865,16.235583,0.218812,0.708906,0.004812,-0.016860,-0.050267
1767717701.420595,16.365711,0.219835,0.703644,0.002434,-0.027037,-0.060580
1767717701.519326,16.532856,0.212326,0.725616,0.001865,-0.006553,-0.049661
1767717701.620792,16.640848,0.213167,0.711866,0.004942,-0.019907,-0.037866
1767717701.726739,16.818186,0.213820,0.733646,-0.005157,0.001499,-0.028083
1767717701.823722,16.950990,0.211285,0.726373,-0.001661,-0.017712,-0.023204
1767717701.921975,17.107637,0.212490,0.741935,-0.006821,-0.003431,-0.026987
1767717702.025802,17.250183,0.208098,0.742264,-0.003392,-0.024671,-0.026660
1767717702.133671,17.404713,0.208941,0.755881,-0.004734,-0.017500,-0.033148
1767717702.238811,17.541262,0.203668,0.755459,-0.005292,-0.040848,-0.034050
1767717702.343619,17.682866,0.207542,0.761587,-0.009508,-0.024840,-0.043886
1767717702.440899,17.831267,0.199711,0.775517,-0.005586,-0.029473,-0.040600
1767717702.535789,17.976812,0.200670,0.775725,-0.003474,-0.021063,-0.049664
1767717702.633455,18.123036,0.195116,0.783247,-0.000104,-0.015826,-0.050901
1767717702.729775,18.261927,0.197738,0.784232,-0.007573,-0.012852,-0.054076
1767717702.826656,18.412104,0.190963,0.807335,-0.001261,-0.015892,-0.042058
1767717702.924689,18.553001,0.188969,0.794956,0.003648,-0.022530,-0.041423
1767717703.018429,18.704956,0.185820,0.815771,-0.000914,-0.024118,-0.042123
1767717703.109736,18.838417,0.183574,0.807575,-0.000871,-0.024900,-0.048059
1767717703.207017,18.979393,0.179203,0.836695,0.006738,-0.017158,-0.044409
1767717703.307767,19.114966,0.177225,0.822845,0.004219,-0.022892,-0.044619
1767717703.402200,19.263080,0.173811,0.845578,0.000783,-0.016210,-0.044229
1767717703.498377,19.404230,0.168591,0.842090,0.014187,-0.024236,-0.043400
1767717703.598907,19.539915,0.171445,0.852964,0.007818,-0.018108,-0.042996
1767717703.696035,19.675485,0.172062,0.856947,0.006169,-0.022114,-0.026747
1767717703.798687,19.820231,0.172956,0.853381,0.010581,-0.004136,-0.000843
1767717703.896704,19.961240,0.171559,0.882544,0.010230,-0.018318,0.024491
1767717703.992309,20.104356,0.173331,0.867136,0.016022,-0.018821,0.025080
1767717704.086668,20.271487,0.176096,0.888647,0.016512,-0.008965,0.020958
1767717704.177361,20.383200,0.181879,0.885951,0.001707,-0.035178,0.027476
1767717704.269065,20.529564,0.183339,0.903962,0.008858,-0.026994,0.034988
1767717704.361982,20.668395,0.185155,0.901002,0.016290,-0.029443,0.035074
1767717704.458136,20.830460,0.191759,0.908745,0.005182,-0.022695,0.026010
1767717704.555915,20.960533,0.197655,0.906480,-0.005511,-0.019233,0.025551
1767717704.655981,21.121741,0.201955,0.924117,-0.004125,-0.008606,0.029815
1767717704.753665,21.255797,0.206113,0.913767,-0.006824,-0.015662,0.028254
1767717704.851107,21.415367,0.211235,0.938488,-0.004430,-0.010863,0.027507
1767717704.942406,21.554691,0.216249,0.933895,-0.005021,-0.021704,0.020681
1767717705.032159,21.690643,0.224460,0.938471,-0.007865,-0.011460,0.020402
1767717705.124861,21.854106,0.228857,0.949133,-0.008624,-0.018861,0.020482
1767717705.214991,21.991659,0.234759,0.956456,-0.008053,-0.011825,0.019855
1767717705.303851,22.139840,0.239838,0.960572,-0.005693,-0.015352,0.019324
1767717705.400027,22.276696,0.245701,0.958740,-0.006531,-0.018635,0.016138
1767717705.504243,22.422780,0.251997,0.969864,-0.011058,-0.007504,0.017475
1767717705.598968,22.568354,0.259517,0.974085,-0.010666,-0.012625,0.017847
1767717705.691395,22.723004,0.262158,0.989472,-0.007318,-0.015140,0.018490
1767717705.779910,22.856942,0.270127,0.981401,-0.010564,-0.015161,0.012622
1767717705.876887,23.000951,0.278585,1.001773,-0.016515,-0.008728,0.010508
1767717705.969923,23.144883,0.281664,0.989986,-0.009660,-0.012211,0.008039
1767717706.063402,23.300428,0.287598,1.018012,-0.007451,-0.003431,0.006643
1767717706.157164,23.445700,0.290672,1.017300,-0.002795,-0.020228,0.004996
1767717706.249095,23.583634,0.297876,1.021442,-0.008201,-0.016001,0.001599
1767717706.345641,23.733896,0.303023,1.036435,-0.004239,-0.024392,0.003472
1767717706.441334,23.866593,0.306392,1.028127,-0.000822,-0.021076,-0.000353
1767717706.537711,24.025200,0.308462,1.051777,0.003067,-0.023198,-0.000635
1767717706.668553,24.156119,0.315792,1.044943,0.004129,-0.022899,-0.002597
1767717706.770673,24.304906,0.319591,1.060898,0.006810,-0.017763,-0.002443
1767717706.866863,24.442529,0.323174,1.056886,0.004920,-0.012707,-0.005438
1767717706.961701,24.593187,0.324171,1.077217,0.009196,-0.013173,-0.003990
1767717707.059999,24.736411,0.325818,1.066362,0.016603,-0.008627,-0.007349
1767717707.164644,24.892564,0.331704,1.081134,0.006448,-0.009049,-0.011871
1767717707.265569,25.060462,0.333026,1.089353,0.012139,-0.004138,-0.019154
1767717707.366501,25.210390,0.330770,1.092319,0.015417,-0.021333,-0.017100
1767717707.472398,25.352412,0.334665,1.092802,0.010584,-0.016886,-0.022409
1767717707.571997,25.520454,0.334231,1.115245,0.015652,-0.008679,-0.024199
1767717707.672659,25.664132,0.335999,1.103079,0.012851,-0.023409,-0.034657
1767717707.775413,25.815365,0.338442,1.123384,0.011597,-0.010552,-0.033687
1767717707.882002,25.949345,0.335864,1.126974,0.017826,-0.021537,-0.033937
1767717707.992097,26.112574,0.337678,1.138944,0.018530,-0.022856,-0.035327
1767717708.099029,26.253323,0.339243,1.134036,0.018882,-0.023022,-0.035525
1767717708.206972,26.395817,0.345295,1.149965,0.017555,-0.022470,-0.021594
1767717708.323507,26.524977,0.353494,1.145094,0.014716,-0.011855,0.005473
1767717708.441691,26.692214,0.353834,1.169866,0.016857,-0.020649,0.042909
1767717708.552620,26.833219,0.359098,1.146484,0.009224,-0.005115,0.040992
1767717708.658654,26.992588,0.365267,1.181530,-0.006668,-0.008431,0.036552
1767717708.767503,27.123738,0.370072,1.163192,0.000973,-0.013955,0.033317
1767717708.875929,27.272886,0.376162,1.189343,-0.003983,-0.009784,0.029064
1767717708.988491,27.409777,0.386303,1.178971,-0.008426,-0.020567,0.030443
1767717709.091328,27.575510,0.393275,1.193422,-0.010838,-0.012334,0.028190
1767717709.213928,27.726659,0.399904,1.194259,-0.008761,-0.022166,0.026973
1767717709.346855,27.864368,0.405886,1.214798,-0.008755,-0.022504,0.020723
1767717709.490133,28.004426,0.413457,1.199515,-0.007961,-0.022104,0.018728
1767717709.628259,28.162621,0.420999,1.214795,-0.014401,-0.009693,0.014850
1767717709.770103,28.311200,0.431138,1.219810,-0.021702,-0.008147,0.014920
1767717709.914758,28.461815,0.433770,1.237011,-0.012853,-0.011781,0.011975
1767717710.059147,28.610165,0.436040,1.232626,-0.010775,-0.014745,-0.001985
1767717710.211930,28.760320,0.440964,1.244733,-0.016334,-0.027736,-0.014356
1767717710.353198,28.886699,0.451519,1.237828,-0.016514,-0.016159,-0.018397
1767717710.506317,29.058294,0.450642,1.275035,-0.018327,-0.028404,-0.013813
1767717710.656846,29.174051,0.458960,1.251844,-0.010462,-0.018191,-0.017483
1767717710.816851,29.339499,0.459762,1.278952,-0.009649,-0.028893,-0.012316
1767717710.968694,29.468430,0.463777,1.266880,-0.002588,-0.012086,-0.013815
1767717711.115617,29.621238,0.468190,1.291533,-0.005790,-0.012319,-0.011710
1767717711.258793,29.762958,0.470151,1.281716,0.004464,-0.014956,-0.012681
1767717711.407282,29.912434,0.469082,1.302695,0.002393,-0.012366,-0.013014
1767717711.559098,30.051743,0.476170,1.290865,-0.004966,-0.019847,-0.018318
1767717711.707198,30.190536,0.478241,1.320319,-0.002402,-0.016948,-0.017369
1767717711.859546,30.365476,0.481115,1.310879,-0.003175,-0.021015,-0.026167
1767717712.020292,30.515865,0.481925,1.323231,-0.009412,-0.022846,-0.028891
1767717712.181596,30.708166,0.483290,1.338471,-0.007516,-0.008415,-0.029666
1767717712.354369,30.891446,0.483312,1.348492,-0.002447,-0.002109,-0.036633
1767717712.510654,31.050877,0.484465,1.332539,-0.006598,-0.002324,-0.043418
1767717712.657478,31.249380,0.482668,1.346985,-0.000763,-0.020730,-0.046428
1767717712.801925,31.434792,0.483038,1.368843,-0.002001,-0.018443,-0.047390
1767717712.957900,31.633105,0.479555,1.376372,-0.001991,-0.021489,-0.052393
1767717713.104668,31.807639,0.480651,1.367183,-0.007124,-0.009816,-0.056294
1767717713.252712,32.013181,0.482578,1.382663,-0.005087,-0.013776,-0.039905
1767717713.396555,32.195174,0.481272,1.398748,-0.003883,-0.019040,-0.027772
1767717713.554256,32.408602,0.479314,1.397885,-0.007423,-0.018677,-0.030476
1767717713.706002,32.592165,0.475142,1.412464,-0.000058,-0.014647,-0.029561
1767717713.851099,32.807178,0.475796,1.412909,-0.004791,-0.000347,-0.031179
1767717713.981787,33.000704,0.473205,1.419959,0.002818,0.006773,-0.032428
1767717714.118102,33.199008,0.473634,1.433424,0.000590,0.001390,-0.037457
1767717714.256674,33.411337,0.477997,1.442138,0.003664,-0.014549,-0.025095
1767717714.396799,33.596180,0.477360,1.446976,0.009034,-0.017840,-0.009883
1767717714.535945,33.822098,0.475118,1.460323,0.006736,-0.016886,-0.004559
1767717714.675955,34.002540,0.479290,1.466924,0.000027,-0.012569,-0.008937
1767717714.813748,34.207999,0.479582,1.476931,0.001569,-0.023869,-0.005640
1767717714.960101,34.414608,0.480608,1.491279,-0.000365,-0.025081,-0.016539
1767717715.097773,34.605756,0.480833,1.489476,0.001195,-0.022188,-0.022236
1767717715.242721,34.825482,0.481515,1.506436,0.004768,-0.032135,-0.022198
1767717715.388255,35.006752,0.482496,1.502444,0.011689,-0.023379,-0.023682
1767717715.528434,35.229690,0.486504,1.512217,0.009195,-0.029179,-0.019912
1767717715.692921,35.433071,0.491587,1.528718,0.012846,-0.019548,-0.009688
1767717715.830889,35.648192,0.493676,1.539557,0.000391,-0.030035,0.009576
1767717715.966159,35.838748,0.496763,1.543733,0.005946,-0.031845,0.011870
1767717716.103943,36.044969,0.498463,1.547313,0.004149,-0.024584,0.010591
1767717716.251699,36.266080,0.506077,1.562572,0.004664,-0.014911,0.011539
1767717716.387475,36.459124,0.507706,1.569543,0.008625,-0.014735,0.013880
1767717716.526658,36.670176,0.512167,1.577222,0.001689,-0.035251,0.009275
1767717716.659354,36.873784,0.521290,1.587617,0.002707,-0.019083,0.009576
1767717716.800799,37.069366,0.525913,1.603606,0.003818,-0.024388,0.006725
1767717716.941328,37.283501,0.529476,1.612564,-0.007851,-0.009860,-0.001437
1767717717.081926,37.471843,0.533510,1.603252,-0.000011,-0.004418,-0.002449
1767717717.218696,37.668031,0.538270,1.630722,-0.002343,0.001290,-0.002348
1767717717.356558,37.878507,0.543400,1.632102,-0.009278,-0.010564,-0.007403
1767717717.498848,38.080552,0.545739,1.643495,-0.004233,-0.027834,-0.007830
1767717717.642721,38.288825,0.549163,1.640672,-0.004925,-0.024302,-0.020845
1767717717.780042,38.483962,0.554613,1.666286,-0.011972,-0.021128,-0.023608
1767717717.922120,38.656799,0.554988,1.648908,-0.000900,-0.023612,-0.025199
1767717718.058414,38.886044,0.556156,1.683223,-0.001804,-0.030680,-0.030611
1767717718.196176,39.077625,0.560771,1.673351,0.003338,-0.011127,-0.034669
1767717718.332522,39.287315,0.559734,1.688593,0.016556,-0.024809,-0.035573
1767717718.470837,39.476465,0.559444,1.703232,0.015483,-0.027307,-0.035745
1767717718.607896,39.666240,0.560004,1.707662,0.017987,-0.031728,-0.037394
1767717718.738189,39.880479,0.558827,1.717990,0.018757,-0.037472,-0.042577
1767717718.876546,40.077175,0.554000,1.727249,0.019240,-0.014063,-0.047002
1767717719.012238,40.291183,0.555322,1.729572,0.018326,-0.009921,-0.054739
1767717719.149143,40.469411,0.550606,1.757731,0.022611,-0.028333,-0.055706
1767717719.298073,40.669289,0.548533,1.745567,0.018425,-0.005089,-0.061115
1767717719.438968,40.895286,0.547118,1.757232,0.021601,-0.024288,-0.049392
1767717719.580338,41.093553,0.552918,1.787037,0.019079,-0.033019,-0.022408
1767717719.721565,41.268919,0.550439,1.776606,0.011829,-0.019626,-0.011961
1767717719.861191,41.484961,0.545116,1.795112,0.022163,-0.031846,-0.012982
1767717720.006033,41.675914,0.546622,1.807876,0.016297,-0.028306,-0.020020
1767717720.148536,41.904563,0.551797,1.815004,0.022341,-0.022342,-0.018939
1767717720.287045,42.089998,0.545854,1.829123,0.020942,-0.016051,-0.020436
1767717720.422361,42.287545,0.548205,1.833551,0.012946,-0.015586,-0.022061
1767717720.570857,42.502891,0.547392,1.845160,0.020128,-0.018740,-0.023061
1767717720.717950,42.695995,0.548726,1.858085,0.016236,-0.022380,-0.019840
1767717720.877377,42.910767,0.548865,1.870031,0.019964,-0.020932,-0.015525
1767717721.068522,43.105934,0.550348,1.878702,0.011453,-0.033312,-0.015618
1767717721.210191,43.304631,0.552498,1.874646,0.016209,-0.034860,-0.013387
1767717721.348065,43.516495,0.552753,1.904022,-0.000288,-0.018752,-0.033180
1767717721.486886,43.749484,0.554616,1.897871,-0.001697,-0.046128,-0.036635
1767717721.628829,43.941660,0.558581,1.910417,0.005139,0.004251,-0.021975
1767717721.768205,44.152449,0.562105,1.916266,0.002685,-0.007548,-0.003776
1767717721.900973,44.346915,0.566548,1.949767,0.004275,-0.022162,0.002404
1767717722.023534,44.572000,0.564882,1.953411,0.014223,-0.040346,-0.005793
1767717722.146059,44.757745,0.565537,1.959978,0.013566,-0.037139,-0.013103
1767717722.264832,44.939263,0.567572,1.989130,-0.001469,-0.032095,-0.019484
1767717722.384447,45.154778,0.574754,1.976970,-0.002361,-0.021212,-0.013547
1767717722.502710,45.336585,0.573277,1.995898,0.012536,-0.022719,-0.010254
1767717722.630217,45.540043,0.573099,2.011328,-0.002626,-0.019621,-0.021938
1767717722.748186,45.753770,0.577902,2.006304,0.002694,-0.004395,-0.006247
1767717722.886377,45.934424,0.584616,2.019992,-0.003284,-0.016195,0.034464
1767717723.023173,46.112159,0.594036,2.038211,-0.002372,-0.018891,0.056646
1767717723.150345,46.314272,0.602060,2.045425,-0.008496,-0.030758,0.063426
1767717723.290276,46.493914,0.612555,2.049540,-0.007328,-0.030694,0.060615
1767717723.444014,46.678241,0.619684,2.060993,-0.008638,-0.034713,0.063434
1767717723.582852,46.881682,0.635916,2.069995,-0.018675,-0.029322,0.066602
1767717723.722116,47.060942,0.647789,2.083112,-0.021744,-0.037038,0.066743
1767717723.892037,47.234431,0.659606,2.090034,-0.016631,-0.041076,0.066110
1767717724.034363,47.465965,0.669534,2.084777,-0.027396,-0.014475,0.011485
1767717724.172723,47.649332,0.677318,2.120541,-0.019727,-0.023961,0.000607
1767717724.305701,47.838182,0.689865,2.118628,-0.026932,-0.017324,0.000074
1767717724.452571,48.046428,0.700115,2.125841,-0.030029,-0.034138,0.006938
1767717724.591903,48.239144,0.706940,2.140077,-0.024514,-0.013721,0.004863
1767717724.730714,48.424810,0.718834,2.167059,-0.044842,-0.027379,-0.003850
1767717724.878512,48.630867,0.732333,2.164300,-0.039679,-0.037064,-0.004378
1767717725.017557,48.822516,0.735257,2.182882,-0.047962,-0.029327,-0.011161
1767717725.158483,49.011991,0.749900,2.187058,-0.054813,-0.036627,-0.012549
1767717725.295747,49.190607,0.759215,2.195859,-0.048784,-0.027021,-0.011343
1767717725.450695,49.404953,0.767623,2.194574,-0.055658,-0.003176,-0.014216
1767717725.591386,49.616362,0.776569,2.213003,-0.048678,-0.029182,-0.014815
1767717725.733763,49.802695,0.784081,2.216734,-0.041068,-0.033207,-0.015464
1767717725.878560,49.981661,0.787990,2.253770,-0.044944,-0.056494,-0.020100
1767717726.022149,50.197500,0.794810,2.254527,-0.038394,-0.041699,-0.018058
1767717726.174809,50.429047,0.799288,2.249212,-0.035400,-0.006985,-0.021853
1767717726.317658,50.600640,0.799658,2.282629,-0.019312,-0.015466,-0.023967
1767717726.466940,50.839307,0.807116,2.281076,-0.035879,-0.015456,-0.035340
1767717726.608354,51.035591,0.808561,2.288273,-0.025701,-0.026532,-0.029509
1767717726.761942,51.219610,0.811907,2.301532,-0.026463,-0.025062,-0.032415
1767717726.908164,51.412127,0.815102,2.304535,-0.028903,-0.047098,-0.036029
1767717727.053730,51.634279,0.814780,2.324421,-0.027914,-0.039170,-0.039448
1767717727.205757,51.850900,0.814476,2.322301,-0.014685,-0.014414,-0.041182
1767717727.340247,52.036227,0.813391,2.345387,-0.021297,-0.034786,-0.046620
1767717727.486344,52.263058,0.814172,2.353685,-0.016880,-0.023786,-0.052637
1767717727.634456,52.465180,0.812727,2.361359,-0.022935,-0.027124,-0.054322
1767717727.811419,52.694053,0.810500,2.380841,-0.022389,-0.027361,-0.058196
1767717728.019612,52.930874,0.807915,2.388923,-0.018258,-0.018219,-0.045476
1767717728.183398,53.168907,0.806467,2.391575,-0.019958,-0.009360,-0.016579
1767717728.337685,53.382569,0.808900,2.412810,-0.011510,-0.008601,0.014474
1767717728.478963,53.599302,0.813510,2.414732,-0.019258,-0.009518,0.037156
1767717728.614644,53.816145,0.818978,2.431639,-0.022535,-0.029072,0.036256
1767717728.750695,54.047661,0.826601,2.436449,-0.024297,-0.028243,0.039137
1767717728.889856,54.251871,0.831733,2.448761,-0.025294,-0.035605,0.036784
1767717729.027434,54.451133,0.837824,2.460678,-0.022504,-0.018987,0.033548
1767717729.165729,54.687938,0.849673,2.456763,-0.034654,-0.009723,0.024881
1767717729.341239,54.895739,0.855201,2.464222,-0.037620,-0.012361,0.024047
1767717729.563761,55.108420,0.862038,2.480407,-0.032164,-0.014820,0.025374
1767717729.758267,55.332117,0.877325,2.488389,-0.044172,-0.016409,0.022356
1767717729.941539,55.573602,0.881864,2.507953,-0.040538,0.004577,0.016207
1767717730.123083,55.818450,0.895122,2.503797,-0.041104,-0.011861,0.011575
1767717730.278841,56.047992,0.903295,2.528363,-0.059053,-0.031567,0.001522
1767717730.430762,56.275352,0.916402,2.525571,-0.058504,-0.010514,0.006521
1767717730.574144,56.510848,0.924818,2.549054,-0.050098,-0.004387,0.000004
1767717730.720506,56.735088,0.935687,2.551119,-0.057611,-0.005918,-0.000398
1767717730.861860,56.974738,0.942897,2.561338,-0.036724,-0.011193,-0.002738
1767717731.006456,57.198672,0.951626,2.575802,-0.047164,-0.022120,-0.005552
1767717731.146960,57.431223,0.963726,2.579242,-0.041676,-0.014120,0.003484
1767717731.285501,57.636018,0.972999,2.598102,-0.042506,-0.027836,0.005629
1767717731.425189,57.844837,0.979182,2.598163,-0.046627,-0.005319,0.000470
1767717731.569466,58.082124,0.989345,2.605998,-0.050829,-0.007256,0.003984
1767717731.707910,58.294135,0.999689,2.607981,-0.048013,-0.010520,0.002979
1767717731.839840,58.484950,1.007684,2.631327,-0.049480,-0.016680,-0.005323
1767717731.983708,58.711802,1.017171,2.623353,-0.056670,-0.011130,-0.013267
1767717732.122795,58.927231,1.025106,2.642419,-0.055224,-0.016253,-0.011989
1767717732.261588,59.162934,1.033707,2.643408,-0.071615,-0.025481,-0.018630
1767717732.390618,59.345287,1.041206,2.659139,-0.062747,-0.021954,-0.017059
1767717732.515571,59.548861,1.047219,2.646514,-0.058761,-0.015308,-0.021049
1767717732.639943,59.738659,1.052013,2.679266,-0.059046,-0.018151,-0.027798
1767717732.766636,59.938493,1.058928,2.670264,-0.061412,-0.003216,-0.034320
1767717732.887416,60.155212,1.064867,2.677081,-0.051165,-0.006378,-0.024854
1767717733.003558,60.345114,1.070036,2.709811,-0.053860,-0.026764,-0.026211
1767717733.117257,60.528777,1.071451,2.698074,-0.070726,-0.008318,-0.030423
1767717733.241826,60.762801,1.081821,2.693475,-0.053793,-0.012980,0.014425
1767717733.359428,60.931554,1.094661,2.723304,-0.067000,-0.011347,0.014628
1767717733.475029,61.126996,1.100123,2.707976,-0.074562,-0.019551,0.011036
1767717733.590415,61.299525,1.103242,2.749483,-0.058336,-0.050377,0.006941
1767717733.705560,61.486809,1.110254,2.725433,-0.057287,-0.018912,0.004347
1767717733.829880,61.650063,1.121655,2.776135,-0.074823,-0.039840,0.002647
1767717733.962924,61.870218,1.130516,2.758229,-0.059315,-0.009199,0.003186
1767717734.101530,62.042761,1.135884,2.766541,-0.077491,0.003139,-0.000367
1767717734.234495,62.231665,1.145939,2.768600,-0.078081,-0.004050,0.001802
1767717734.359502,62.431962,1.155139,2.788539,-0.080234,-0.004021,-0.006287
1767717734.489913,62.620758,1.162988,2.780999,-0.081296,-0.002318,-0.006245
1767717734.616863,62.792607,1.170737,2.791051,-0.082783,-0.010931,-0.002071
1767717734.769225,62.980881,1.177028,2.802784,-0.084129,-0.016913,-0.004186
1767717734.905050,63.182461,1.185622,2.807565,-0.085372,-0.016395,-0.005544
1767717735.041826,63.361473,1.194191,2.814253,-0.076046,-0.020281,-0.004040
1767717735.164714,63.565345,1.205777,2.829446,-0.078538,-0.008730,-0.003074
1767717735.289492,63.750641,1.206201,2.820472,-0.079051,0.005533,-0.008887
1767717735.410398,63.932249,1.214173,2.841514,-0.071258,-0.009777,-0.008492
1767717735.531348,64.110042,1.219404,2.835506,-0.073354,0.001029,-0.019769
1767717735.655502,64.310232,1.224967,2.848787,-0.066128,-0.014912,-0.032403
1767717735.828630,64.507201,1.228088,2.861121,-0.066925,-0.031348,-0.041107
1767717735.956753,64.701664,1.228672,2.879318,-0.060225,-0.021454,-0.046752
1767717736.094488,64.897950,1.229006,2.865966,-0.061183,-0.000126,-0.051029
1767717736.227111,65.071101,1.230508,2.886026,-0.058826,-0.018354,-0.052154
1767717736.360557,65.293597,1.230890,2.887208,-0.057097,-0.033243,-0.051824
1767717736.495612,65.465041,1.231178,2.901353,-0.057564,-0.015265,-0.048858
1767717736.630859,65.655624,1.228990,2.890684,-0.051808,-0.022325,-0.043499
1767717736.762610,65.872005,1.231405,2.904052,-0.060176,-0.026625,-0.025037
1767717736.895605,66.052613,1.235436,2.923433,-0.053066,-0.023642,-0.023785
1767717737.057009,66.231181,1.233596,2.920909,-0.051513,-0.017030,-0.025253
1767717737.199105,66.455684,1.237635,2.926857,-0.056323,-0.020001,-0.028742
1767717737.352275,66.639939,1.239728,2.949179,-0.053633,-0.011153,-0.027542
1767717737.515597,66.844759,1.241404,2.964925,-0.054467,-0.013639,-0.041088
1767717737.664737,67.037686,1.240558,2.945457,-0.055417,-0.014634,-0.047028
1767717737.800817,67.264760,1.241898,2.962601,-0.047606,-0.017999,-0.038933
1767717737.937230,67.444778,1.240110,2.976812,-0.053386,-0.008459,-0.043056
1767717738.081346,67.639230,1.237689,2.979569,-0.050251,-0.006665,-0.046395
1767717738.224030,67.857012,1.237365,2.977436,-0.047335,-0.009600,-0.046632
1767717738.364542,68.053922,1.238609,2.993039,-0.045987,-0.019834,-0.042423
1767717738.514961,68.272276,1.232404,2.999645,-0.035951,-0.028869,-0.042059
1767717738.665780,68.459002,1.231172,3.012235,-0.032984,-0.022842,-0.041207
1767717738.853789,68.675138,1.227196,3.018625,-0.026763,-0.020246,-0.041308
1767717739.013225,68.901880,1.227365,3.020332,-0.013341,-0.012145,-0.041419
1767717739.180314,69.102979,1.220436,3.043621,-0.011397,-0.020244,-0.043270
1767717739.350763,69.321221,1.212731,3.057173,-0.008536,-0.028313,-0.036042
1767717739.523786,69.561130,1.212760,3.064585,-0.002409,-0.030451,-0.002843
1767717739.686502,69.789707,1.215541,3.080900,-0.008386,-0.023128,0.004693
1767717739.834931,69.999981,1.218829,3.079589,-0.011994,-0.023948,0.006798
1767717740.002775,70.239031,1.223185,3.081327,-0.022062,-0.019828,0.006962
1767717740.168378,70.438505,1.223012,3.106081,-0.019169,-0.029392,0.010804
1767717740.304928,70.674122,1.231260,3.131594,-0.012242,-0.045169,0.005066
1767717740.444815,70.877742,1.232716,3.113402,-0.026373,-0.026843,-0.006251
1767717740.583777,71.111960,1.234347,3.136312,-0.017079,-0.020745,-0.004401
1767717740.724229,71.314198,1.240108,3.149461,-0.018979,-0.036144,-0.004199
1767717740.879336,71.525376,1.245022,3.158586,-0.024118,-0.016204,-0.009633
1767717741.018226,71.750377,1.244573,3.164458,-0.025678,-0.015043,-0.011166
1767717741.160050,71.952449,1.251254,3.185808,-0.026055,-0.011031,-0.013357
1767717741.295992,72.179091,1.254712,3.199327,-0.033502,-0.014979,-0.020470
1767717741.425002,72.387744,1.256760,3.191352,-0.030694,-0.009486,-0.018710
1767717741.572587,72.580578,1.258084,3.214560,-0.019958,-0.033664,-0.014003
1767717741.727977,72.807204,1.264288,3.219010,-0.031619,-0.012714,-0.016634
1767717741.872554,73.008043,1.266655,3.233943,-0.027184,0.007877,-0.017842
1767717742.023142,73.241103,1.269316,3.239810,-0.030518,0.021705,-0.023351
1767717742.161224,73.451531,1.272888,3.235766,-0.030747,0.026096,-0.023375
1767717742.303146,73.678677,1.278120,3.232468,-0.040635,0.000887,-0.030877
1767717742.445606,73.884826,1.281182,3.245050,-0.040538,-0.032265,-0.031402
1767717742.588301,74.094212,1.285094,3.257286,-0.045417,-0.052462,-0.034375
1767717742.722440,74.291712,1.294635,3.282783,-0.058774,-0.037181,-0.040511
1767717742.855389,74.518773,1.290909,3.272906,-0.054408,0.010896,-0.034939
1767717742.988170,74.714872,1.296908,3.297676,-0.049695,-0.031734,-0.041351
1767717743.135228,74.918594,1.292878,3.285289,-0.046580,-0.033899,-0.044831
1767717743.275850,75.096177,1.294901,3.331810,-0.033185,-0.019933,-0.039863
1767717743.406096,75.320600,1.298152,3.327549,-0.031999,-0.006115,-0.022745
1767717743.537395,75.530888,1.299086,3.312353,-0.031000,0.030766,-0.030499
1767717743.680884,75.694954,1.293810,3.329723,-0.025921,-0.009427,-0.033367
1767717743.811584,75.924670,1.293224,3.347029,-0.013903,-0.021075,-0.034451
1767717743.944674,76.108170,1.291137,3.341185,-0.007392,-0.010168,-0.033460
1767717744.085545,76.321769,1.285693,3.342813,-0.013742,-0.007226,-0.017540
1767717744.211921,76.512198,1.289012,3.358253,0.000754,-0.026274,-0.001588
1767717744.343449,76.705987,1.288451,3.364786,-0.015501,-0.005205,-0.004313
1767717744.474049,76.902922,1.289096,3.364629,-0.015819,-0.014591,-0.005326
1767717744.601791,77.106895,1.293653,3.368309,-0.020316,-0.024319,-0.009638
1767717744.733754,77.302325,1.294623,3.383541,-0.013726,-0.010529,-0.008966
1767717744.873255,77.484800,1.295337,3.389169,-0.020283,-0.023536,-0.011524
1767717745.013564,77.702591,1.295120,3.397722,-0.012989,-0.018891,-0.010458
1767717745.157662,77.876671,1.299400,3.409131,-0.005530,-0.032461,-0.011348
1767717745.305090,78.102210,1.297102,3.407833,-0.013908,-0.024181,-0.014926
1767717745.437864,78.291712,1.299146,3.428783,-0.016181,-0.020887,-0.013092
1767717745.585719,78.488198,1.303077,3.428321,-0.010998,-0.025485,-0.012392
1767717745.729220,78.693578,1.301121,3.436503,-0.014343,-0.032609,-0.019210
1767717745.876476,78.884209,1.302858,3.458299,-0.016078,-0.021887,-0.018534
1767717746.027023,79.088512,1.303338,3.465699,-0.010655,-0.023185,-0.014046
1767717746.169895,79.283546,1.306115,3.465670,-0.015891,-0.026209,0.004038
1767717746.350672,79.502340,1.315170,3.480974,-0.016549,-0.019865,0.014408
1767717746.519021,79.730592,1.320217,3.484667,-0.030053,-0.035844,0.007974
1767717746.671247,79.916946,1.323338,3.515175,-0.012488,-0.039753,0.017458
1767717746.823074,80.143018,1.333626,3.517802,-0.019018,-0.040726,0.017170
1767717746.979167,80.346900,1.336581,3.526332,-0.021364,-0.017076,0.020697
1767717747.125373,80.570431,1.344731,3.545234,-0.020086,-0.012893,0.017320
1767717747.286915,80.776246,1.354565,3.546569,-0.027646,-0.032583,0.010837
1767717747.447139,81.002987,1.361195,3.553785,-0.032151,-0.022087,0.010859
1767717747.621200,81.202365,1.372034,3.577542,-0.032776,-0.022282,0.012292
1767717747.820107,81.422983,1.382596,3.576102,-0.047731,-0.026558,0.001892
1767717748.008949,81.645624,1.388596,3.594751,-0.035698,-0.035561,-0.001256
1767717748.171474,81.879870,1.397831,3.608655,-0.051334,-0.052441,-0.006984
1767717748.340283,82.109829,1.406747,3.617754,-0.035779,-0.034214,-0.009892
1767717748.503558,82.336725,1.412827,3.633549,-0.036728,-0.023019,-0.013155
1767717748.660132,82.578220,1.413276,3.631950,-0.019433,-0.024684,-0.011409
1767717748.837710,82.816766,1.421168,3.646664,-0.018871,-0.020096,-0.011271
1767717748.998879,83.033190,1.428607,3.663172,-0.025750,-0.016341,-0.011499
1767717749.154072,83.276502,1.432938,3.673742,-0.025115,-0.031692,-0.007682
1767717749.308323,83.496870,1.436253,3.687595,-0.021258,-0.015943,-0.011107
1767717749.453618,83.727811,1.445444,3.703614,-0.023419,-0.035111,-0.013831
1767717749.605269,83.934830,1.451720,3.716652,-0.026594,-0.035614,-0.013498
1767717749.748153,84.162502,1.456884,3.723281,-0.027057,-0.029307,-0.013012
1767717749.904227,84.398208,1.463864,3.731744,-0.032985,-0.014216,-0.013989
1767717750.046389,84.635395,1.471908,3.744434,-0.018199,-0.028451,-0.021439
1767717750.187174,84.834261,1.472224,3.764880,-0.029637,-0.014154,-0.031672
1767717750.343117,85.075802,1.473342,3.775360,-0.008456,-0.021965,-0.031214
1767717750.485958,85.292822,1.474231,3.767080,-0.015594,-0.034471,-0.033661
1767717750.633061,85.538576,1.477205,3.793432,-0.009516,-0.025038,-0.031852
1767717750.776369,85.734874,1.480799,3.810913,-0.006549,-0.016675,-0.032707
1767717750.917426,85.963866,1.485911,3.814100,-0.017212,-0.027695,-0.026757
1767717751.060640,86.180672,1.482043,3.825769,-0.009448,-0.016802,-0.015419
1767717751.214557,86.436948,1.484977,3.841838,-0.002004,-0.002916,-0.014924
1767717751.423800,86.645295,1.489851,3.854638,-0.007310,-0.021318,-0.012586
1767717751.569397,86.861653,1.491882,3.850674,-0.009464,-0.037316,-0.013881
1767717751.707424,87.093099,1.490867,3.872724,-0.009171,-0.036377,-0.011916
1767717751.842304,87.313314,1.496925,3.883644,-0.014778,-0.027774,-0.016402
1767717751.988346,87.518106,1.500567,3.892084,-0.013540,-0.031114,-0.022410
1767717752.127024,87.748945,1.500470,3.898349,-0.013016,-0.024117,-0.026771
1767717752.281985,87.960807,1.504762,3.922016,-0.015461,-0.005356,-0.030371
1767717752.426094,88.203703,1.506130,3.929781,-0.012329,-0.007769,-0.036038
1767717752.557685,88.404961,1.504331,3.944743,-0.000263,-0.027243,-0.036661
1767717752.695084,88.627743,1.503319,3.956301,0.000616,-0.033399,-0.038367
1767717752.830981,88.822719,1.510488,3.957596,-0.014439,-0.032100,-0.024339
1767717752.969313,89.028244,1.509822,3.975525,-0.008290,-0.023342,-0.001704
1767717753.114597,89.258892,1.513622,3.988922,0.005830,-0.024927,0.012156
1767717753.246879,89.462881,1.519357,3.993523,-0.012286,-0.040166,0.009528
1767717753.385960,89.660288,1.521233,4.009014,-0.006275,-0.036909,0.015066
1767717753.524167,89.881708,1.526566,4.022569,-0.001834,-0.033440,0.013261
1767717753.680213,90.079375,1.530110,4.029841,0.001145,-0.028888,0.011400
1767717753.827663,90.315640,1.534572,4.033278,0.001422,-0.037499,-0.003330
1767717753.970658,90.505168,1.529551,4.062361,0.011679,-0.027967,-0.022659
1767717754.115016,90.718993,1.534560,4.071230,0.008408,-0.024121,-0.025689
1767717754.258208,90.919721,1.536896,4.074496,0.002625,-0.033901,-0.029641
1767717754.405631,91.137071,1.534009,4.085051,0.005770,-0.031103,-0.035331
1767717754.546350,91.337104,1.537943,4.100423,0.005096,-0.023575,-0.035559
1767717754.685405,91.534317,1.538362,4.107336,0.001625,-0.017113,-0.038636
1767717754.818646,91.764179,1.538735,4.121728,0.007300,-0.008696,-0.041521
1767717754.955414,91.958310,1.537011,4.141862,0.013621,-0.030708,-0.040115
1767717755.097835,92.152281,1.538343,4.139609,0.011420,-0.022711,-0.041090
1767717755.247695,92.368535,1.536288,4.160409,0.017498,-0.019931,-0.041480
1767717755.382480,92.563484,1.537647,4.161647,0.021442,-0.009398,-0.039424
1767717755.518626,92.795862,1.535594,4.174761,0.014208,-0.015299,-0.041063
1767717755.656468,92.980067,1.531775,4.192205,0.024644,-0.020690,-0.041279
1767717755.792214,93.173469,1.532971,4.191754,0.015721,-0.026316,-0.047849
1767717755.931464,93.384178,1.533248,4.192520,0.015447,-0.032387,-0.023129
1767717756.068211,93.584839,1.531751,4.226531,0.015891,-0.032490,-0.020203
1767717756.210901,93.789506,1.532497,4.199110,0.014947,-0.014966,-0.024992
1767717756.350511,93.997784,1.533953,4.215901,-0.001761,0.018961,-0.036300
1767717756.490458,94.199351,1.535829,4.233552,-0.000973,0.021022,-0.034190
1767717756.632085,94.421962,1.534082,4.235012,-0.004640,-0.001669,-0.036090
1767717756.765471,94.617183,1.535822,4.246018,-0.020356,-0.011844,-0.036688
1767717756.896459,94.826140,1.539083,4.253889,-0.010071,-0.017851,-0.025874
1767717757.026355,95.032676,1.541656,4.265329,-0.019596,-0.005667,-0.022143
1767717757.150608,95.232229,1.540396,4.270590,-0.015266,-0.003029,-0.020732
1767717757.275820,95.419234,1.541321,4.295796,-0.005443,-0.009383,-0.019463
1767717757.415344,95.632441,1.535908,4.314763,-0.000283,-0.041834,-0.028064
1767717757.546005,95.817590,1.537381,4.310470,0.002386,-0.032890,-0.038775
1767717757.673095,95.997720,1.536498,4.324447,0.008200,-0.036871,-0.036741
1767717757.799781,96.184707,1.538362,4.322658,0.000120,-0.029171,-0.037384
1767717757.915516,96.401604,1.535601,4.329791,0.006420,-0.022899,-0.030159
1767717758.030324,96.577887,1.539116,4.350512,0.003060,-0.011979,-0.019515
1767717758.144673,96.754909,1.537324,4.344320,0.011040,-0.014053,-0.004626
1767717758.261319,96.946691,1.544814,4.363313,-0.005914,-0.016399,0.000894
1767717758.375380,97.123668,1.546550,4.359962,-0.013014,-0.018144,0.002935
1767717758.489414,97.326226,1.548860,4.367930,-0.010998,-0.017247,0.007459
1767717758.605317,97.516591,1.554834,4.373360,-0.017401,0.001232,0.004143
1767717758.727894,97.686733,1.555232,4.388648,-0.020126,-0.005727,-0.001601
1767717758.861643,97.869331,1.558346,4.385770,-0.015299,0.018531,-0.007532
1767717758.996973,98.051178,1.556560,4.406414,-0.011374,-0.016294,-0.011018
1767717759.125926,98.241730,1.563460,4.411683,-0.021009,-0.017504,-0.022152
1767717759.249290,98.419762,1.569027,4.409680,-0.015056,0.000942,-0.016020
1767717759.370643,98.595651,1.571171,4.438030,-0.022036,-0.017169,-0.011787
1767717759.490906,98.769340,1.572782,4.430209,-0.011773,-0.027388,-0.013321
1767717759.613197,98.964432,1.577943,4.439160,-0.021158,-0.062375,-0.017575
1767717759.731968,99.129948,1.583478,4.458139,-0.023256,-0.033584,-0.017745
1767717759.861566,99.305664,1.590943,4.449307,-0.032653,-0.034646,-0.012457
1767717760.003488,99.475680,1.594440,4.467153,-0.039802,-0.011052,-0.005231
1767717760.133791,99.695431,1.603540,4.483900,-0.040779,-0.010739,-0.003452
1767717760.264923,99.858793,1.614463,4.474889,-0.040049,-0.013092,0.009451
1767717760.402696,100.037296,1.626381,4.500601,-0.051113,-0.013892,0.035219
1767717760.546809,100.234653,1.632882,4.510797,-0.043398,-0.009250,0.041531
1767717760.683649,100.419610,1.642022,4.519919,-0.046562,-0.034797,0.043062
1767717760.823530,100.620207,1.648319,4.523320,-0.023597,-0.062303,0.044727
1767717760.985415,100.810304,1.661757,4.533152,-0.028457,-0.044428,0.041167
1767717761.141494,101.010126,1.667472,4.541413,-0.018727,0.005502,0.043807
1767717761.293319,101.191348,1.676679,4.551588,-0.023011,-0.005953,0.044204
1767717761.442994,101.401523,1.687119,4.581761,-0.022783,-0.060401,0.037793
1767717761.593321,101.591687,1.691030,4.584082,-0.014927,-0.072772,0.022169
1767717761.757719,101.787940,1.707985,4.594106,-0.037823,-0.048832,0.016654
1767717761.921007,101.987466,1.716752,4.605638,-0.041080,-0.047310,0.012912
1767717762.085539,102.193030,1.728572,4.615118,-0.048884,-0.031730,0.004680
1767717762.246049,102.408331,1.735229,4.618853,-0.055741,-0.007401,-0.008266
1767717762.407501,102.601491,1.747809,4.660963,-0.052395,-0.032028,-0.015641
1767717762.566516,102.813427,1.747509,4.665027,-0.041925,-0.037889,-0.023479
1767717762.728007,103.018000,1.752414,4.676768,-0.043021,-0.022854,-0.044459
1767717762.888938,103.210194,1.761860,4.678188,-0.043303,-0.029283,-0.055101
1767717763.048395,103.458381,1.757718,4.689737,-0.023603,-0.016211,-0.072129
1767717763.225240,103.650827,1.758842,4.707303,-0.008373,-0.013608,-0.069516
1767717763.380052,103.875833,1.763396,4.712467,-0.014289,-0.010677,-0.068269
1767717763.534369,104.105667,1.760109,4.728584,0.004731,-0.022109,-0.037375
1767717763.676363,104.318799,1.758055,4.731989,-0.002178,-0.023185,-0.042018
1767717763.820967,104.525101,1.753103,4.753480,0.016516,-0.023214,-0.039814
1767717763.965827,104.745554,1.751989,4.753744,0.006652,-0.023805,-0.048489
1767717764.113243,104.946392,1.749375,4.770882,0.019251,-0.008961,-0.042739
1767717764.254107,105.177503,1.749918,4.784917,0.013639,-0.012447,-0.036281
1767717764.394761,105.384730,1.749542,4.775639,0.011126,0.001534,-0.035521
1767717764.534570,105.607941,1.746954,4.784427,0.011293,-0.017535,-0.007863
1767717764.675832,105.815647,1.747363,4.801717,-0.011368,-0.008526,-0.010363
1767717764.826375,106.003427,1.749344,4.825184,-0.003859,-0.026425,-0.012067
1767717764.988219,106.234841,1.752450,4.807249,-0.020923,-0.028329,-0.020640
1767717765.161494,106.437941,1.757990,4.824319,-0.035768,-0.007406,-0.015416
1767717765.331975,106.658728,1.753538,4.832542,-0.020202,-0.004739,-0.020583
1767717765.490129,106.884219,1.764337,4.835297,-0.032373,-0.011159,-0.025843
1767717765.684412,107.114589,1.762582,4.841175,-0.024713,-0.015910,-0.016293
1767717765.823620,107.319735,1.762173,4.865082,-0.018493,-0.012878,-0.014065
1767717765.957649,107.556445,1.767489,4.886394,-0.018338,-0.015733,-0.015665
1767717766.108947,107.756814,1.770258,4.882831,-0.015094,-0.027467,-0.014548
1767717766.245935,107.999705,1.769821,4.893282,-0.019558,-0.026724,-0.013206
1767717766.378431,108.212210,1.771417,4.914845,-0.021857,-0.018229,-0.018231
1767717766.522624,108.442180,1.779841,4.927416,-0.023537,-0.017657,-0.021726
1767717766.669152,108.646295,1.777536,4.929179,-0.025946,-0.032166,-0.023413
1767717766.829031,108.858077,1.780930,4.938542,-0.019984,-0.016165,-0.021672
1767717766.993453,109.086611,1.780095,4.954362,-0.021040,-0.023914,-0.026277
1767717767.143998,109.314180,1.784432,4.970968,-0.019947,-0.026731,-0.023348
1767717767.292366,109.515834,1.781114,4.972419,-0.017608,-0.026656,-0.026623
1767717767.438759,109.751948,1.781348,4.977792,-0.017829,-0.036581,-0.031952
1767717767.586337,109.958025,1.783096,4.992941,-0.017717,-0.018649,-0.033309
1767717767.726372,110.153715,1.784043,5.018231,-0.015715,-0.026542,-0.033962
1767717767.881866,110.362496,1.784876,5.001587,-0.019849,-0.017453,-0.032948
1767717768.020894,110.583376,1.782131,5.023590,-0.000996,-0.030239,-0.034856
1767717768.163268,110.806810,1.781371,5.029561,-0.006235,-0.031968,-0.036556
1767717768.317286,111.009062,1.785406,5.052533,-0.005407,-0.021936,-0.031740
1767717768.465973,111.243669,1.791105,5.053459,0.004157,-0.020737,-0.000390
1767717768.604307,111.439267,1.788173,5.053348,0.006974,-0.011388,0.014275
1767717768.744072,111.669752,1.791843,5.068205,0.009394,-0.004271,0.014823
1767717768.880143,111.870277,1.795615,5.100857,-0.000776,-0.008287,0.012449
1767717769.021105,112.102229,1.802613,5.112474,0.000031,-0.021912,0.025708
1767717769.174904,112.300852,1.803633,5.099717,-0.001839,-0.021703,0.023523
1767717769.323449,112.498164,1.809957,5.120214,-0.010945,-0.011564,0.016865
1767717769.462696,112.729258,1.816193,5.127511,-0.016155,-0.013928,0.009128
1767717769.603165,112.927694,1.826175,5.150644,-0.019544,-0.018205,0.011157
1767717769.745723,113.152388,1.829999,5.156033,-0.030868,-0.023783,0.008798
1767717769.882230,113.347935,1.838199,5.163974,-0.027230,-0.018168,0.007589
1767717770.021943,113.562267,1.842180,5.158942,-0.036959,-0.001834,-0.001247
1767717770.156174,113.788615,1.852516,5.179605,-0.035925,-0.005235,-0.006383
1767717770.279979,113.988602,1.855744,5.194638,-0.020909,-0.004152,-0.003226
1767717770.407566,114.175997,1.861998,5.203583,-0.027572,-0.022157,-0.004338
1767717770.541014,114.390080,1.867633,5.211954,-0.024985,-0.029321,-0.003114
1767717770.672280,114.591111,1.873353,5.222293,-0.027896,-0.016968,-0.004708
1767717770.809049,114.774901,1.877716,5.228819,-0.020620,-0.018937,-0.001424
1767717770.940194,114.995804,1.880391,5.248267,-0.019073,-0.008809,-0.021035
1767717771.067191,115.191124,1.887398,5.235191,-0.031761,-0.029509,-0.023906
1767717771.194638,115.380967,1.893430,5.252649,-0.028622,-0.007505,-0.006033
1767717771.329020,115.592699,1.895455,5.259784,-0.036660,-0.016122,-0.007841
1767717771.466536,115.776669,1.903143,5.264733,-0.043807,-0.016592,-0.010986
1767717771.592366,115.968280,1.910474,5.274096,-0.042747,0.002425,-0.012590
1767717771.727507,116.151664,1.914322,5.280849,-0.046635,-0.014870,-0.017055
1767717771.858933,116.363409,1.919470,5.292974,-0.041049,-0.016019,-0.015339
1767717772.034840,116.552976,1.925107,5.297888,-0.043139,-0.007581,-0.016172
1767717772.183933,116.753962,1.928897,5.301085,-0.042463,-0.016551,-0.014558
1767717772.329863,116.945369,1.935205,5.330622,-0.046700,-0.037676,-0.016688
1767717772.484241,117.162266,1.941757,5.331864,-0.049475,-0.027255,-0.014805
1767717772.639147,117.357937,1.942087,5.331493,-0.048762,-0.006974,-0.017017
1767717772.772859,117.567316,1.948412,5.340761,-0.048756,-0.016563,-0.018740
1767717772.913991,117.763952,1.954889,5.350666,-0.047220,-0.016015,-0.017270
1767717773.043762,117.974949,1.957775,5.362498,-0.040811,-0.017872,-0.018342
1767717773.169545,118.169623,1.958710,5.368188,-0.040735,-0.015782,-0.023172
1767717773.300235,118.362710,1.962684,5.377709,-0.040909,-0.023749,-0.020099
1767717773.433388,118.554990,1.965592,5.376278,-0.034657,-0.015324,-0.020359
1767717773.568619,118.775601,1.970058,5.384388,-0.039522,-0.009091,-0.021171
1767717773.700624,118.956836,1.974165,5.403343,-0.032221,-0.026502,-0.020807
1767717773.827608,119.140400,1.973259,5.412766,-0.036483,-0.037797,-0.021648
1767717773.958667,119.356255,1.978137,5.414286,-0.043206,-0.025492,-0.024682
1767717774.091791,119.543916,1.981048,5.425052,-0.042760,-0.011892,-0.023562
1767717774.228095,119.727783,1.986318,5.435188,-0.054148,-0.017103,-0.027191
1767717774.367946,119.944769,1.991262,5.443542,-0.052491,-0.023759,-0.019560
1767717774.504075,120.117740,1.992266,5.457797,-0.044899,-0.010750,-0.021012
1767717774.641479,120.329742,1.992830,5.463484,-0.055584,-0.019224,-0.043238
1767717774.772519,120.526219,1.993636,5.460213,-0.042468,0.002370,-0.041577
1767717774.916150,120.711027,1.998390,5.484595,-0.044405,-0.019283,-0.034735
1767717775.049132,120.912406,1.997003,5.482488,-0.030225,-0.017060,-0.026584
1767717775.183926,121.108257,1.991211,5.489445,-0.034776,-0.008045,-0.036961
1767717775.335520,121.283513,1.998952,5.494366,-0.037225,-0.001716,-0.051400
1767717775.521077,121.505710,1.996558,5.504349,-0.033750,-0.008649,-0.054305
1767717775.685810,121.715998,1.996542,5.522681,-0.036075,-0.025699,-0.056638
1767717775.841482,121.905222,1.991284,5.516682,-0.034161,-0.010431,-0.060211
1767717775.983902,122.122359,1.988704,5.523492,-0.030755,-0.013830,-0.058957
1767717776.122777,122.319637,1.986580,5.552341,-0.022621,-0.022821,-0.058412
1767717776.258465,122.553311,1.984577,5.552833,-0.027740,-0.015365,-0.048665
1767717776.418532,122.754143,1.984606,5.552721,-0.024253,0.008124,-0.028531
1767717776.573554,122.941272,1.988234,5.571475,-0.022587,-0.019173,0.000134
1767717776.734071,123.154320,1.987647,5.576846,-0.028509,-0.022777,-0.005667
1767717776.884309,123.349719,1.986713,5.584575,-0.025458,-0.012215,-0.009072
1767717777.034475,123.574488,1.989778,5.585564,-0.036165,-0.022239,-0.008680
1767717777.176430,123.797815,1.990947,5.599664,-0.025634,-0.014127,-0.007090
1767717777.316757,123.995945,1.996426,5.621359,-0.033232,-0.023528,-0.004961
1767717777.456054,124.221609,1.997052,5.615998,-0.024280,-0.016859,0.003990
1767717777.596902,124.422449,2.000934,5.629673,-0.028938,-0.008500,0.000194
1767717777.736141,124.664980,2.006797,5.640295,-0.027274,-0.016119,-0.003234
1767717777.869263,124.857292,2.008861,5.645883,-0.027825,-0.014536,-0.004024
1767717778.017138,125.059763,2.008984,5.644292,-0.018185,-0.001279,-0.007003
1767717778.163629,125.279561,2.015132,5.659434,-0.027095,-0.011831,-0.004781
1767717778.293721,125.485285,2.019781,5.668944,-0.018821,-0.022665,-0.002711
1767717778.431441,125.670099,2.020993,5.683427,-0.027383,-0.016339,-0.005447
1767717778.571096,125.897297,2.027489,5.682328,-0.025661,-0.012559,-0.008344
1767717778.718622,126.094957,2.031164,5.698790,-0.030111,-0.017242,-0.011356
1767717778.853316,126.289171,2.036695,5.702891,-0.036972,-0.010296,-0.013830
1767717778.995450,126.509762,2.038798,5.704365,-0.031789,-0.012379,-0.020286
1767717779.145582,126.689424,2.043864,5.727502,-0.030626,-0.034548,-0.021887
1767717779.300240,126.920327,2.046279,5.721113,-0.029405,-0.003214,-0.026839
1767717779.443642,127.112639,2.044655,5.736268,-0.020894,-0.002491,-0.030438
1767717779.591179,127.331716,2.048643,5.752077,-0.028668,-0.028339,-0.030353
1767717779.739336,127.521678,2.052206,5.742336,-0.012187,-0.006195,-0.023276
1767717779.875027,127.749258,2.053260,5.755121,-0.014787,-0.009758,-0.017063
1767717780.008821,127.946362,2.054357,5.769894,-0.014546,-0.016696,-0.016925
1767717780.156168,128.176009,2.056947,5.787907,-0.011812,-0.020992,-0.005700
1767717780.295347,128.377261,2.060814,5.790321,-0.008674,-0.002331,0.018428
1767717780.431671,128.582224,2.078760,5.801046,-0.038597,0.000588,0.052560
1767717780.564648,128.782869,2.085153,5.790825,-0.014489,0.005871,0.060729
1767717780.711742,128.981906,2.088571,5.831878,-0.029756,-0.023532,0.045275
1767717780.847238,129.172031,2.099408,5.822699,-0.044598,-0.029778,0.025723
1767717780.996002,129.398336,2.112802,5.833436,-0.031002,0.015966,0.047078
1767717781.136168,129.587541,2.127934,5.835393,-0.031588,-0.017686,0.059925
1767717781.278388,129.793493,2.138318,5.864987,-0.044100,-0.010317,0.038829
1767717781.475040,129.978204,2.148045,5.847359,-0.040019,-0.007015,0.030363
1767717781.625778,130.201661,2.159492,5.866815,-0.037320,-0.009409,0.007250
1767717781.792907,130.417261,2.169597,5.868939,-0.032325,-0.013753,0.005653
1767717781.942344,130.617504,2.176947,5.885824,-0.034374,-0.027918,-0.003940
1767717782.087865,130.828356,2.184051,5.886771,-0.030814,-0.024656,-0.011335
1767717782.235617,131.041264,2.191574,5.897015,-0.032543,-0.011421,-0.014132
1767717782.399452,131.272305,2.198961,5.907033,-0.040139,-0.013022,-0.021007
1767717782.564964,131.467909,2.206192,5.913475,-0.036185,-0.013000,-0.020441
1767717782.736854,131.697376,2.212045,5.926867,-0.032963,-0.012029,-0.021830
1767717782.915214,131.934883,2.217547,5.931913,-0.038222,-0.014009,-0.027618
1767717783.101003,132.168281,2.219234,5.936828,-0.026062,-0.014191,-0.029317
1767717783.266556,132.370411,2.227169,5.957601,-0.035716,-0.014196,-0.031756
1767717783.428825,132.611523,2.231139,5.955766,-0.035942,-0.012377,-0.033433
1767717783.586549,132.852096,2.236178,5.965438,-0.042366,-0.000061,-0.037487
1767717783.752343,133.060736,2.239098,5.981570,-0.037276,-0.025805,-0.041783
1767717783.918283,133.307088,2.243901,5.999320,-0.038273,-0.031825,-0.045459
1767717784.082942,133.542325,2.246429,6.011558,-0.034406,-0.028871,-0.042575
1767717784.241173,133.758457,2.247947,6.004835,-0.036204,-0.010281,-0.045036
1767717784.404613,133.999819,2.250336,6.015283,-0.039586,-0.014049,-0.037440
1767717784.549881,134.210222,2.254194,6.039673,-0.033094,-0.027473,-0.035380
1767717784.706254,134.457089,2.253869,6.040309,-0.034478,-0.011058,-0.042450
1767717784.858917,134.670833,2.252542,6.038988,-0.027155,-0.005557,-0.041122
1767717784.999273,134.908287,2.253569,6.054586,-0.024484,-0.021505,-0.043698
1767717785.146834,135.116601,2.252395,6.078701,-0.023034,-0.018608,-0.042643
1767717785.285029,135.356438,2.256486,6.062118,-0.016782,-0.019015,-0.041727
1767717785.426170,135.565113,2.249226,6.084623,-0.016167,-0.003386,-0.060388
1767717785.559925,135.803236,2.240693,6.100528,-0.031883,-0.022977,-0.071781
1767717785.687934,136.016390,2.237897,6.090752,-0.019907,-0.013843,-0.050616
1767717785.817487,136.221130,2.243177,6.124660,-0.024893,-0.018870,-0.038961
1767717785.952430,136.444499,2.238758,6.126506,-0.024200,-0.013416,-0.050806
1767717786.080865,136.654740,2.234830,6.127404,-0.030486,-0.009081,-0.052455
1767717786.231596,136.849168,2.235423,6.133684,-0.024340,-0.007876,-0.054592
1767717786.369122,137.075095,2.234668,6.156035,-0.032416,-0.008211,-0.052322
1767717786.501106,137.281285,2.231018,6.140111,-0.030805,-0.022382,-0.050226
1767717786.628404,137.464134,2.233126,6.176067,-0.025551,-0.021889,-0.056340
1767717786.758842,137.686990,2.225594,6.178257,-0.030644,-0.014316,-0.066287
1767717786.884173,137.889852,2.223801,6.181280,-0.032451,-0.009615,-0.068557
1767717787.008862,138.083285,2.219405,6.190341,-0.025996,-0.012712,-0.071441
1767717787.141957,138.273960,2.210134,6.196205,-0.029153,-0.011205,-0.068678
1767717787.278567,138.500667,2.203211,6.209114,-0.027163,-0.015725,-0.030492
1767717787.414719,138.687356,2.202953,6.209337,-0.029816,-0.033615,-0.000613
1767717787.549635,138.862681,2.212148,6.239044,-0.037828,-0.031169,0.013239
1767717787.688462,139.079494,2.213170,6.245099,-0.029152,-0.037850,0.010219
1767717787.821001,139.277016,2.213311,6.242692,-0.034246,-0.015495,0.007934
1767717787.955766,139.461372,2.213802,6.251665,-0.028125,-0.026265,0.010079
1767717788.090150,139.670030,2.220922,6.257078,-0.027634,-0.025665,0.006376
1767717788.221653,139.863598,2.216126,6.276108,-0.026281,-0.019758,0.011156
1767717788.356955,140.048757,2.228773,6.272891,-0.016312,-0.024942,0.016369
1767717788.482865,140.267763,2.229699,6.290054,-0.028213,0.002079,0.001735
1767717788.610834,140.459067,2.234382,6.286864,-0.019936,0.016567,0.005201
1767717788.743025,140.644975,2.236144,6.293984,-0.027936,-0.005514,0.003548
1767717788.865202,140.851837,2.244732,6.306815,-0.016705,-0.026099,0.008615
1767717788.994647,141.047206,2.245297,6.312793,-0.024560,-0.009765,0.005179
1767717789.118849,141.224204,2.254647,6.314187,-0.014761,-0.039673,0.006509
1767717789.251291,141.403806,2.260201,6.339443,-0.016482,-0.008990,-0.007147
1767717789.375532,141.620006,2.255930,6.348029,-0.013282,-0.007535,-0.013793
1767717789.495558,141.802730,2.255532,6.330674,-0.015904,0.004022,0.000576
1767717789.621766,141.979268,2.264122,6.358996,-0.022896,-0.021032,0.025395
1767717789.747122,142.193294,2.281190,6.361764,-0.038600,-0.020380,0.039740
1767717789.870189,142.380936,2.289190,6.367114,-0.041911,-0.010266,0.035041
1767717790.002205,142.568085,2.294547,6.374290,-0.043344,-0.003005,0.033323
1767717790.132755,142.750020,2.304866,6.382078,-0.055754,-0.011061,0.032382
1767717790.264052,142.923038,2.316727,6.387308,-0.053989,0.002731,0.037643
1767717790.394833,143.127166,2.332416,6.409184,-0.048978,-0.017994,0.035063
1767717790.518199,143.309525,2.339867,6.392769,-0.063928,-0.009336,0.031374
1767717790.651800,143.482132,2.356563,6.425172,-0.051531,-0.027444,0.033986
1767717790.783512,143.686799,2.366449,6.408766,-0.055985,-0.018604,0.026760
1767717790.922129,143.874685,2.377075,6.435723,-0.062626,-0.018529,0.027575
1767717791.060692,144.053014,2.387269,6.423126,-0.065247,-0.010299,0.037460
1767717791.191121,144.249893,2.406465,6.436106,-0.072877,-0.012113,0.032560
1767717791.328449,144.437113,2.417420,6.454664,-0.067195,-0.027751,0.033351
1767717791.460879,144.646073,2.422519,6.475374,-0.076270,-0.042318,0.032124
1767717791.587766,144.822091,2.439615,6.456677,-0.059227,0.003143,0.045906
1767717791.722931,145.010252,2.454652,6.467279,-0.079820,-0.039055,0.054851
1767717791.851736,145.189376,2.476257,6.497039,-0.089737,0.011568,0.058018
1767717791.984001,145.390089,2.485003,6.509746,-0.082170,-0.026868,0.057867
1767717792.118147,145.568314,2.506505,6.490439,-0.102130,0.005411,0.058870
1767717792.249276,145.748932,2.523407,6.511089,-0.098046,-0.032605,0.066235
1767717792.380620,145.949966,2.549292,6.515854,-0.108815,-0.031593,0.067878
1767717792.514425,146.133105,2.571774,6.525751,-0.111783,-0.009007,0.065636
1767717792.647265,146.304021,2.590279,6.529679,-0.107188,-0.020652,0.061675
1767717792.773114,146.509735,2.611321,6.538696,-0.118192,-0.046274,0.054518
1767717792.901839,146.686918,2.625988,6.565362,-0.117856,-0.050171,0.052156
1767717793.030169,146.860979,2.649368,6.563843,-0.107799,-0.050045,0.053966
1767717793.156021,147.033283,2.664316,6.583322,-0.110697,-0.034637,0.041097
1767717793.281679,147.228550,2.686949,6.580564,-0.101988,-0.028169,0.022572
1767717793.407304,147.392320,2.695863,6.597512,-0.116875,-0.053113,0.012238
1767717793.532822,147.569845,2.711632,6.608878,-0.101278,-0.041585,0.018548
1767717793.657799,147.731392,2.730493,6.615002,-0.094315,-0.067252,0.018975
1767717793.782566,147.929176,2.741210,6.617486,-0.086209,-0.014620,0.007654
1767717793.905406,148.096144,2.751430,6.634416,-0.099750,-0.045753,0.006270
1767717794.030232,148.271227,2.766071,6.651672,-0.094511,-0.004987,0.006570
1767717794.149852,148.446500,2.777327,6.643592,-0.089002,0.005441,-0.001814
1767717794.276895,148.660669,2.790556,6.650289,-0.093381,0.026839,-0.007839
1767717794.403054,148.819052,2.806505,6.661132,-0.082355,-0.007571,-0.010634
1767717794.522294,149.001578,2.813606,6.661385,-0.086465,0.007220,-0.026749
1767717794.646572,149.164396,2.814198,6.678508,-0.084698,-0.022644,-0.030747
1767717794.771729,149.336204,2.821418,6.687765,-0.076889,-0.016139,-0.024160
1767717794.892924,149.496801,2.832272,6.678048,-0.072535,-0.033411,-0.023711
1767717795.018646,149.682409,2.839812,6.703864,-0.081637,-0.047916,-0.026159
1767717795.140371,149.849606,2.840936,6.710861,-0.075875,-0.047965,-0.035862
1767717795.264491,150.019307,2.855150,6.714130,-0.071120,-0.019523,-0.057328
1767717795.391192,150.174031,2.852837,6.736708,-0.081318,-0.024444,-0.097624
1767717795.527149,150.356268,2.852667,6.729533,-0.073351,0.001088,-0.131405
1767717795.651493,150.513355,2.844434,6.741636,-0.067694,-0.002150,-0.224185
1767717795.779511,150.631308,2.830481,6.746094,-0.068533,-0.010738,-0.312586
1767717795.895684,150.764091,2.823833,6.753769,-0.062797,-0.017421,-0.370874
1767717796.015555,150.866545,2.806153,6.754764,-0.062259,-0.016409,-0.440917
1767717796.131758,150.953313,2.797950,6.760458,-0.061985,-0.019255,-0.440630
1767717796.246039,151.055706,2.787153,6.766780,-0.061347,-0.021795,-0.439367
1767717796.354893,151.153651,2.771866,6.766224,-0.062900,-0.025025,-0.446061
1767717796.462816,151.241497,2.758712,6.779156,-0.065612,-0.030808,-0.443509
1767717796.570724,151.329591,2.737030,6.778393,-0.053318,-0.036413,-0.440285
1767717796.682168,151.421418,2.721369,6.789646,-0.056784,-0.044632,-0.448378
1767717796.853034,151.512069,2.704604,6.793911,-0.050532,-0.030619,-0.455878
1767717796.966413,151.597506,2.680101,6.793293,-0.061174,-0.043232,-0.459787
1767717797.079349,151.701251,2.656057,6.804138,-0.054505,-0.014610,-0.457170
1767717797.188432,151.798592,2.626637,6.785601,-0.058653,-0.001151,-0.462174
1767717797.296955,151.899265,2.600124,6.820405,-0.065173,0.004446,-0.485519
1767717797.409085,152.023355,2.569135,6.793112,-0.054414,0.023251,-0.518245
1767717797.515376,152.112301,2.523936,6.817178,-0.049356,0.044365,-0.561642
1767717797.620012,152.243511,2.486833,6.796149,-0.037291,0.041278,-0.626103
1767717797.727635,152.302872,2.449464,6.812567,-0.039885,0.043602,-0.695292
1767717797.827885,152.390695,2.409444,6.802047,-0.030501,0.051252,-0.754615
1767717797.941110,152.408477,2.390785,6.794400,-0.045045,0.021326,-0.790034
1767717798.048125,152.478152,2.356675,6.798338,-0.060775,0.000818,-0.776299
1767717798.154138,152.551168,2.324558,6.814874,-0.061664,-0.004360,-0.777329
1767717798.251395,152.596066,2.288663,6.824434,-0.044285,0.010397,-0.805720
1767717798.351841,152.638510,2.260253,6.808377,-0.024688,0.034915,-0.832744
1767717798.446777,152.697705,2.236416,6.797811,-0.035798,0.016853,-0.875468
1767717798.539778,152.729703,2.202368,6.811770,-0.047867,-0.008951,-0.911095
1767717798.638242,152.770909,2.164885,6.824629,-0.044433,-0.013700,-0.927042
1767717798.741320,152.817136,2.123697,6.813268,-0.016170,0.006881,-0.987362
1767717798.839161,152.839766,2.081501,6.820350,-0.020852,-0.024472,-1.062236
1767717798.940115,152.875382,2.039769,6.836645,-0.013638,-0.018228,-1.086939
1767717799.044429,152.916360,1.995330,6.832184,0.001333,-0.009199,-1.116972
1767717799.161934,152.969511,1.958030,6.823438,-0.001574,-0.020003,-1.173235
1767717799.274493,152.955779,1.911347,6.837915,-0.000256,-0.026719,-1.218381
1767717799.390790,152.993686,1.868438,6.842545,0.008662,-0.027644,-1.264001
1767717799.500598,153.005316,1.827686,6.840511,0.011331,-0.030464,-1.296459
1767717799.611177,153.033287,1.781313,6.845984,0.016514,-0.029678,-1.326421
1767717799.731454,153.056818,1.742553,6.846401,0.016888,-0.030607,-1.362953
1767717799.835660,153.055319,1.705960,6.849381,0.016305,-0.033050,-1.409017
1767717799.964318,153.049552,1.666136,6.856176,0.019632,-0.033703,-1.442089
1767717800.099868,153.087010,1.622965,6.853285,0.025793,-0.029968,-1.468178
1767717800.214937,153.072041,1.584490,6.860880,0.026360,-0.041503,-1.544236
1767717800.325194,153.081709,1.544124,6.855245,0.026743,-0.031765,-1.573063
1767717800.441988,153.086388,1.498189,6.861829,0.018525,-0.026606,-1.606314
1767717800.553710,153.059911,1.451357,6.863079,0.025905,-0.028467,-1.659402
1767717800.666505,153.063066,1.428864,6.864148,0.023903,-0.038624,-1.721675
1767717800.785435,153.033638,1.384175,6.866202,0.026608,-0.034799,-1.749017
1767717800.901631,153.021407,1.340957,6.860953,0.018367,-0.025320,-1.779730
1767717801.018967,152.992219,1.305028,6.870247,0.019114,-0.020668,-1.808453
1767717801.133651,152.989133,1.279205,6.868516,0.024947,-0.029161,-1.850596
1767717801.246143,152.983426,1.255599,6.873348,0.027275,-0.031812,-1.865727
1767717801.361508,152.957118,1.217839,6.871633,0.028878,-0.027626,-1.904896
1767717801.477224,152.931402,1.192166,6.871026,0.027421,-0.023324,-1.937241
1767717801.592875,152.907588,1.163260,6.867568,0.024137,-0.005644,-2.053635
1767717801.712168,152.902814,1.149403,6.872258,0.018912,0.008539,-2.097904
1767717801.826950,152.902050,1.141571,6.870584,0.017617,0.008625,-2.088649
1767717801.942987,152.875709,1.116205,6.874948,0.022544,-0.003288,-2.085578
1767717802.061553,152.874379,1.105644,6.872081,0.026947,-0.006381,-2.085518
1767717802.262678,152.855860,1.085905,6.871056,0.025084,-0.002095,-2.094784
1767717802.449416,152.835358,1.063651,6.872590,0.023009,0.008314,-2.109663
1767717802.573603,152.813983,1.040068,6.875361,0.026881,0.011954,-2.125266
1767717802.676830,152.782199,1.016983,6.875013,0.035165,0.010235,-2.158859
1767717802.853082,152.751931,0.991804,6.869255,0.036866,0.000532,-2.236241
1767717802.940248,152.715583,0.967612,6.874410,0.034173,0.006452,-2.266040
1767717803.062974,152.684597,0.935921,6.870460,0.027669,0.008304,-2.297366
1767717803.253417,152.637962,0.908177,6.870032,0.014483,0.011557,-2.355316
1767717803.573598,152.595178,0.875012,6.875849,0.008840,0.014923,-2.427188
1767717803.740766,152.544358,0.845345,6.875799,0.013649,0.023684,-2.485843
1767717804.048457,152.498870,0.824609,6.877250,0.013359,0.013606,-2.569111
1767717804.131363,152.450537,0.803931,6.876154,0.009473,0.014827,-2.631259
1767717804.215846,152.402623,0.783761,6.878416,0.007293,0.021060,-2.663888
1767717804.555771,152.365233,0.772627,6.884270,0.013457,0.023837,-2.777299
1767717804.640453,152.317802,0.755504,6.873066,0.010622,0.030238,-2.789741
1767717804.753370,152.262872,0.745038,6.875956,0.007027,0.039282,-2.817701
1767717804.856949,152.216646,0.729333,6.869639,-0.002252,0.044881,-2.858729
1767717805.082744,152.164916,0.715998,6.870271,-0.014590,0.062613,-2.921255
1767717805.367156,152.108267,0.712718,6.873625,0.006804,0.055680,-3.006214
1767717805.571567,152.056218,0.714972,6.870727,0.016171,0.055036,-3.064920
1767717805.656922,152.001417,0.708951,6.865471,0.013847,0.054820,-3.105248
1767717805.858695,151.959317,0.715381,6.868728,0.018850,0.047818,3.110245
1767717805.946074,151.906288,0.722533,6.865938,0.024200,0.056295,3.079368
1767717806.051213,151.857193,0.729484,6.857678,0.022161,0.065293,3.040816
1767717806.257746,151.828371,0.719248,6.859979,0.000480,0.052162,3.017863
1767717806.349756,151.779212,0.726295,6.861301,0.004225,0.055409,3.016400
1767717806.564116,151.732534,0.729341,6.860927,-0.008718,0.039512,3.007879
1767717806.779186,151.681540,0.740447,6.861664,0.005161,0.033176,3.014315
1767717806.866766,151.625657,0.739438,6.876389,0.023928,0.029905,3.007039
1767717806.960259,151.562121,0.750914,6.865491,0.032543,0.017447,3.007030
1767717807.061887,151.507751,0.747520,6.864354,0.015426,0.023713,3.002501
1767717807.178919,151.433948,0.760783,6.872940,0.028812,0.015275,3.004874
1767717807.278463,151.376131,0.762149,6.858689,0.031557,0.038650,2.993787
1767717807.373830,151.307216,0.776297,6.843985,0.012646,0.051061,3.003034
1767717807.467546,151.241582,0.766641,6.829602,0.014797,0.095995,3.015585
1767717807.570796,151.154535,0.770424,6.829813,0.003162,0.131354,3.010628
1767717807.669492,151.075642,0.785397,6.841339,0.016919,0.120428,3.012551
1767717807.767700,150.996331,0.790793,6.814069,0.026862,0.124504,3.009917
1767717807.867718,150.897333,0.801558,6.831113,0.016830,0.122949,3.003163
1767717807.965197,150.802550,0.814517,6.820519,0.028673,0.073572,3.007948
1767717808.068260,150.717297,0.821231,6.811884,0.028919,0.083733,3.013933
1767717808.171565,150.606733,0.837114,6.822169,0.044154,0.062074,3.029752
1767717808.279137,150.496002,0.836704,6.814212,0.039108,0.072245,3.022538
1767717808.391387,150.387046,0.848979,6.791048,0.039428,0.060965,3.028139
1767717808.501248,150.294108,0.854401,6.797113,0.032905,0.074393,3.044161
1767717808.613591,150.173304,0.852539,6.796736,0.054281,0.070069,3.072459
1767717808.731010,150.051207,0.874189,6.797260,0.052574,0.037271,3.086583
1767717808.856155,149.934264,0.869809,6.769616,0.030058,0.059498,3.076327
1767717808.974996,149.817800,0.875927,6.800536,0.038108,0.042529,3.081422
1767717809.095578,149.691449,0.889180,6.763211,0.043310,0.054756,3.092113
1767717809.272460,149.580416,0.879466,6.761537,0.043460,0.084600,3.108832
1767717809.399811,149.455929,0.900021,6.762538,0.043259,0.069237,3.140294
1767717809.522190,149.323231,0.880530,6.734173,0.033467,0.115474,3.132229
1767717809.652022,149.185488,0.899430,6.767154,0.032920,0.072908,3.131668
1767717809.774853,149.063703,0.892151,6.720243,0.046283,0.116561,3.141060
1767717809.897401,148.934851,0.887998,6.745509,0.034080,0.088924,-3.135632
1767717810.017036,148.797490,0.898800,6.687590,0.043865,0.101424,-3.128126
1767717810.136873,148.667976,0.893440,6.724135,0.052158,0.127364,3.140004
1767717810.255994,148.537254,0.898939,6.671012,0.037809,0.101607,3.124312
1767717810.381643,148.405625,0.894728,6.697289,0.032785,0.114912,3.118249
1767717810.505997,148.274221,0.902075,6.690545,0.040002,0.064958,3.116047
1767717810.625478,148.153150,0.901555,6.668813,0.045409,0.086539,3.117310
1767717810.750437,148.011255,0.901697,6.681675,0.031540,0.039881,3.113157
1767717810.872414,147.888136,0.898525,6.636895,0.039396,0.082037,3.115095
1767717810.999683,147.758029,0.897961,6.667433,0.024433,0.071502,3.126382
1767717811.123222,147.626116,0.902787,6.624002,0.033590,0.087586,3.131485
1767717811.251431,147.487653,0.894539,6.648408,0.020371,0.087515,3.122250
1767717811.378711,147.353518,0.899844,6.599142,0.025414,0.092849,3.120438
1767717811.509835,147.220398,0.897153,6.637549,0.033292,0.092906,3.120116
1767717811.640427,147.079129,0.895211,6.595880,0.026893,0.064941,3.117749
1767717811.769788,146.951439,0.883092,6.599326,0.013474,0.098456,3.121093
1767717811.894972,146.822543,0.890694,6.603351,0.019249,0.052780,3.134266
1767717812.023034,146.679368,0.885395,6.577344,0.041995,0.097639,3.138595
1767717812.148731,146.542139,0.886168,6.583634,0.028631,0.077559,3.135015
1767717812.274630,146.406627,0.878161,6.560265,0.015744,0.065876,3.132169
1767717812.401335,146.270673,0.882660,6.578360,0.036651,0.081326,-3.139396
1767717812.523266,146.126487,0.884374,6.565445,0.039233,0.068524,3.138020
1767717812.647762,145.997543,0.874818,6.547383,0.028447,0.075524,3.132654
1767717812.771014,145.857712,0.878454,6.561403,0.035735,0.074261,3.134964
1767717812.905862,145.714310,0.883226,6.539506,0.037777,0.058095,3.128160
1767717813.036228,145.581025,0.872837,6.545114,0.029841,0.075315,3.121702
1767717813.161700,145.445120,0.873878,6.535343,0.032101,0.049982,3.123045
1767717813.289139,145.307273,0.883748,6.520001,0.050320,0.076945,3.131661
1767717813.415561,145.132252,0.871054,6.511802,0.027410,0.067758,3.124174
1767717813.548166,144.984389,0.872450,6.514059,0.043414,0.078262,3.131796
1767717813.669465,144.839225,0.880171,6.512116,0.052809,0.069395,3.130004
1767717813.796351,144.691733,0.874110,6.493275,0.036556,0.068794,3.115021
1767717813.912120,144.510196,0.871175,6.503566,0.035457,0.058687,3.121608
1767717814.027528,144.365113,0.875144,6.483161,0.045583,0.067480,3.120954
1767717814.146809,144.211958,0.873064,6.499444,0.037072,0.056022,3.114261
1767717814.268223,144.057347,0.872303,6.463641,0.033289,0.044749,3.109273
1767717814.385409,143.902545,0.870483,6.468960,0.030523,0.064803,3.106197
1767717814.500023,143.716174,0.875429,6.459304,0.023489,0.071707,3.107880
1767717814.620351,143.566713,0.868872,6.441705,0.018642,0.087564,3.105199
1767717814.739323,143.403054,0.873507,6.461099,0.018599,0.073325,3.102148
1767717814.859887,143.251168,0.867425,6.426158,0.017087,0.071731,3.097344
1767717814.984337,143.086076,0.872868,6.450428,0.014259,0.063259,3.097906
1767717815.104434,142.904805,0.870685,6.425267,0.020362,0.077138,3.083722
1767717815.232424,142.739868,0.872851,6.423636,0.019272,0.060320,3.080416
1767717815.359371,142.589489,0.870856,6.409375,0.025714,0.082052,3.083183
1767717815.485709,142.424036,0.874722,6.419964,0.017823,0.073770,3.083547
1767717815.608462,142.234849,0.876412,6.402840,0.017113,0.071507,3.082017
1767717815.736477,142.067291,0.876963,6.397045,0.007034,0.060981,3.077519
1767717815.860048,141.915083,0.880249,6.380749,0.012756,0.061635,3.076931
1767717815.986942,141.743010,0.886534,6.379936,0.004884,0.075657,3.074000
1767717816.109201,141.552554,0.889958,6.378741,0.014761,0.083944,3.067081
1767717816.233367,141.389366,0.892362,6.357723,0.005599,0.070686,3.062941
1767717816.353792,141.220479,0.898134,6.357482,0.007712,0.072779,3.067538
1767717816.477314,141.053839,0.907356,6.349261,0.015182,0.061289,3.063482
1767717816.602609,140.860975,0.911160,6.331029,0.002690,0.065958,3.057483
1767717816.730571,140.691079,0.910577,6.328041,0.001377,0.079775,3.057805
1767717816.853349,140.526705,0.922724,6.322576,0.003872,0.069948,3.060897
1767717816.980297,140.359030,0.926637,6.303308,-0.000089,0.082390,3.056071
1767717817.109319,140.206796,0.930122,6.297635,0.011794,0.067919,3.008596
1767717817.231222,140.072039,0.947753,6.314534,0.015911,0.054753,3.002592
1767717817.348903,139.949451,0.944863,6.278310,0.011195,0.058594,2.986759
1767717817.478729,139.837092,0.946292,6.288082,0.016254,0.053494,2.990401
1767717817.608447,139.726049,0.956604,6.278489,0.019139,0.072192,2.995577
1767717817.744022,139.645833,0.947213,6.273947,0.013442,0.089943,3.004404
1767717817.879078,139.573654,0.948370,6.259974,0.009318,0.103574,3.013447
1767717818.015633,139.513056,0.950186,6.280067,0.013928,0.091365,3.015552
1767717818.147260,139.470562,0.948641,6.262062,0.015323,0.085568,3.014639
1767717818.281068,139.437850,0.950937,6.266666,0.021898,0.090757,3.013768
1767717818.419465,139.423862,0.945125,6.271891,0.026969,0.091389,3.012902
1767717818.552901,139.420256,0.945903,6.264716,0.027140,0.069720,3.014447
1767717818.684534,139.428590,0.948032,6.265957,0.026968,0.082626,3.016023
1767717818.816897,139.451035,0.939423,6.275018,0.030094,0.069521,3.008659
1767717818.950756,139.476386,0.937995,6.274565,0.025544,0.080209,3.006767
1767717819.083001,139.514717,0.937571,6.263285,0.028965,0.060322,2.999720
1767717819.215393,139.549634,0.931301,6.285730,0.025897,0.066474,2.992720
1767717819.349336,139.572765,0.927777,6.274198,0.031398,0.049752,2.989361
1767717819.487035,139.590505,0.925774,6.283609,0.028292,0.076672,2.995190
1767717819.618300,139.612525,0.923042,6.275451,0.027156,0.080131,2.991834
1767717819.747084,139.615864,0.918617,6.278479,0.026343,0.073759,3.021625
1767717819.900718,139.611214,0.904798,6.279026,0.031192,0.072757,3.073897
1767717820.042158,139.593188,0.891163,6.278339,0.030857,0.074337,3.116520
1767717820.181711,139.563324,0.882855,6.274972,0.036464,0.073408,-3.130282
1767717820.318481,139.525076,0.883573,6.280401,0.034219,0.070637,-3.107521
1767717820.456407,139.494882,0.871417,6.266228,0.038194,0.066982,-3.112066
1767717820.593919,139.463578,0.862239,6.278272,0.042825,0.070897,-3.109414
1767717820.728102,139.427602,0.856724,6.263261,0.042938,0.066900,-3.107023
1767717820.851925,139.384746,0.849935,6.271620,0.044005,0.072457,-3.107128
1767717820.978406,139.340145,0.839035,6.260348,0.034520,0.077390,-3.108619
1767717821.095008,139.292373,0.834919,6.265072,0.042069,0.076317,-3.103890
1767717821.220569,139.240635,0.828416,6.260423,0.046996,0.070496,-3.103137
1767717821.346786,139.185179,0.821465,6.265037,0.050956,0.069574,-3.096025
1767717821.473917,139.118701,0.812173,6.250802,0.053068,0.064103,-3.095741
1767717821.599890,139.058271,0.803930,6.260974,0.046654,0.067916,-3.099948
1767717821.720990,138.978695,0.799128,6.246676,0.049528,0.073482,-3.108848
1767717821.852254,138.893823,0.791923,6.251275,0.052155,0.073952,-3.125791
1767717821.977529,138.801413,0.785989,6.245814,0.055595,0.075682,-3.132730
1767717822.107868,138.716811,0.779708,6.250718,0.049936,0.063835,-3.139368
1767717822.230909,138.619592,0.775531,6.227616,0.046804,0.080285,3.140970
1767717822.341893,138.527590,0.773060,6.243998,0.051503,0.075206,3.130820
1767717822.457376,138.422105,0.769827,6.217824,0.057731,0.078706,3.128593
1767717822.570053,138.329101,0.764451,6.231292,0.063003,0.085655,3.122166
1767717822.690368,138.210895,0.764477,6.230565,0.055924,0.056649,3.121251
1767717822.803757,138.108379,0.758287,6.192311,0.057373,0.071759,3.118561
1767717822.975465,137.990712,0.764744,6.214144,0.081882,0.069799,3.122526
1767717823.101406,137.889031,0.760071,6.186498,0.061003,0.086249,3.100431
1767717823.232276,137.772384,0.763665,6.203180,0.068345,0.087962,3.091651
1767717823.387383,137.647609,0.761828,6.170999,0.064977,0.069598,3.092794
1767717823.521808,137.521402,0.759974,6.183398,0.070907,0.088595,3.119193
1767717823.655598,137.388550,0.752600,6.168331,0.062415,0.080528,3.133251
1767717823.790109,137.252357,0.753676,6.168035,0.061598,0.054879,3.130847
1767717823.916973,137.118133,0.750202,6.169577,0.058119,0.067900,3.128684
1767717824.051767,136.961548,0.746057,6.153455,0.069460,0.066332,-3.134929
1767717824.177778,136.824659,0.741127,6.152212,0.061048,0.085675,-3.131083
1767717824.310009,136.687461,0.739092,6.144987,0.060463,0.084672,-3.133655
1767717824.448369,136.516523,0.730072,6.136413,0.062584,0.082275,-3.135112
1767717824.578775,136.362245,0.726596,6.129647,0.053260,0.072793,-3.136940
1767717824.706171,136.224202,0.718855,6.119132,0.070645,0.087686,-3.138646
1767717824.837229,136.044367,0.718857,6.107537,0.063168,0.077829,3.125019
1767717824.964091,135.883200,0.715152,6.108935,0.057918,0.071094,3.123710
1767717825.088193,135.731470,0.709953,6.103284,0.058328,0.069949,3.124972
1767717825.225405,135.544486,0.705533,6.093215,0.055873,0.068790,3.118379
1767717825.342207,135.385055,0.705240,6.089953,0.049852,0.061271,3.116912
1767717825.467273,135.230962,0.697055,6.079866,0.043035,0.080233,3.113244
1767717825.592654,135.068300,0.697460,6.069810,0.047437,0.063820,3.112683
1767717825.718549,134.876589,0.694236,6.069239,0.044257,0.074606,3.095802
1767717825.855522,134.714095,0.695283,6.054034,0.033511,0.069840,3.095345
1767717825.981946,134.551551,0.691745,6.050084,0.046855,0.074360,3.094566
1767717826.103633,134.389025,0.693600,6.043978,0.038215,0.072712,3.086962
1767717826.226567,134.193235,0.693616,6.038196,0.042683,0.061212,3.080885
1767717826.353707,134.030833,0.693832,6.036162,0.043825,0.063947,3.080530
1767717826.478230,133.866599,0.695897,6.023648,0.038162,0.064937,3.075508
1767717826.599475,133.699784,0.698360,6.015027,0.039743,0.074312,3.075780
1767717826.729392,133.505244,0.701099,6.013060,0.036724,0.070889,3.069912
1767717826.860121,133.331436,0.705340,6.006674,0.041343,0.067010,3.077979
1767717826.984396,133.151250,0.705961,5.998241,0.036136,0.070232,3.090775
1767717827.117717,132.974014,0.702507,5.986900,0.032254,0.083897,3.112750
1767717827.256381,132.788582,0.701595,5.983040,0.034377,0.075574,3.125429
1767717827.398147,132.620153,0.700483,5.974237,0.033517,0.074601,3.124357
1767717827.537463,132.448936,0.700257,5.962676,0.030974,0.073245,3.123487
1767717827.653742,132.246760,0.698779,5.955002,0.026914,0.078668,3.123655
1767717827.766464,132.076823,0.696507,5.948538,0.032649,0.075929,3.126695
1767717827.895415,131.910461,0.695098,5.943748,0.031817,0.074155,3.124951
1767717828.031164,131.737584,0.694073,5.933020,0.031084,0.078841,3.124724
1767717828.163418,131.539426,0.693360,5.923825,0.024934,0.057620,3.116428
1767717828.288033,131.369841,0.696516,5.913514,0.034790,0.058711,3.116039
1767717828.415432,131.202998,0.693358,5.919715,0.040311,0.056273,3.113737
1767717828.545654,131.001473,0.691460,5.894876,0.033978,0.064215,3.111298
1767717828.676872,130.837684,0.695850,5.906118,0.047788,0.046248,3.109126
1767717828.801681,130.661749,0.697005,5.897208,0.032367,0.071970,3.101880
1767717828.930915,130.488625,0.693553,5.891630,0.016845,0.071453,3.101430
1767717829.058911,130.276593,0.691821,5.884713,0.034700,0.073963,3.127179
1767717829.187196,130.103602,0.683971,5.889124,0.019125,0.066032,-3.133328
1767717829.326877,129.934568,0.677067,5.866316,0.017012,0.060525,-3.114963
1767717829.461048,129.766380,0.673410,5.863119,0.028440,0.069565,-3.110318
1767717829.591281,129.565099,0.665136,5.854080,0.022339,0.065324,-3.109854
1767717829.734504,129.384622,0.660071,5.851241,0.024231,0.065408,-3.109053
1767717829.864709,129.224235,0.650963,5.841290,0.020733,0.063835,-3.108975
1767717829.996011,129.022982,0.646434,5.829231,0.030430,0.060614,-3.111852
1767717830.132366,128.850300,0.639585,5.828206,0.034561,0.064707,-3.120212
1767717830.271293,128.655057,0.637945,5.815413,0.021842,0.068533,3.130953
1767717830.413418,128.473732,0.633453,5.808191,0.033030,0.068982,3.118916
1767717830.571362,128.254717,0.625384,5.803872,0.026512,0.055827,3.115795
1767717830.709805,128.084623,0.624508,5.794614,0.031615,0.065090,3.107440
1767717830.853502,127.878339,0.622124,5.792949,0.015026,0.069990,3.098067
1767717830.991575,127.685678,0.619111,5.772750,0.030985,0.048737,3.103809
1767717831.123289,127.509621,0.622476,5.775452,0.035605,0.086566,3.101799
1767717831.253450,127.289015,0.617997,5.758972,0.021516,0.086705,3.093390
1767717831.386363,127.107379,0.619285,5.758187,0.037160,0.062321,3.099268
1767717831.525626,126.923030,0.619941,5.739957,0.035902,0.083097,3.095377
1767717831.661357,126.701727,0.620109,5.734740,0.024845,0.082218,3.100695
1767717831.794467,126.506696,0.617744,5.727651,0.038360,0.081545,3.123279
1767717831.926597,126.325351,0.614768,5.718891,0.041550,0.086994,-3.138589
1767717832.088556,126.119949,0.607546,5.705544,0.038747,0.073067,-3.129271
1767717832.267287,125.936962,0.609468,5.706160,0.048537,0.061631,-3.130241
1767717832.443360,125.721852,0.602728,5.699977,0.046881,0.070026,-3.132144
1767717832.615767,125.505346,0.600911,5.677866,0.047023,0.078183,-3.125013
1767717832.766193,125.292675,0.594625,5.683358,0.045179,0.069578,-3.133483
1767717832.918157,125.099246,0.589550,5.667220,0.046050,0.067206,-3.130909
1767717833.067391,124.873331,0.584048,5.666957,0.047865,0.061023,-3.129798
1767717833.205052,124.670114,0.580916,5.653411,0.044734,0.070477,-3.133796
1767717833.342896,124.451813,0.576580,5.651475,0.051825,0.055254,-3.136129
1767717833.487031,124.253252,0.572345,5.636346,0.057113,0.091790,-3.135254
1767717833.641023,124.057726,0.564803,5.625959,0.060327,0.065818,-3.135512
1767717833.787870,123.832977,0.561892,5.620855,0.053945,0.070117,-3.140285
1767717833.932559,123.645392,0.557257,5.619369,0.058006,0.058964,3.141451
1767717834.080265,123.424925,0.550010,5.608988,0.046894,0.083793,3.134330
1767717834.236929,123.224045,0.546277,5.597435,0.042478,0.073903,3.133234
1767717834.381799,123.004512,0.539432,5.589591,0.039420,0.079096,3.130986
1767717834.527785,122.811229,0.533086,5.585560,0.033946,0.074894,3.129789
1767717834.656610,122.590104,0.526602,5.573913,0.031740,0.064569,3.127529
1767717834.781373,122.397425,0.520926,5.569428,0.036959,0.063012,3.125819
1767717834.903786,122.201086,0.517622,5.566779,0.033922,0.064621,3.120581
1767717835.035499,122.009472,0.510896,5.564496,0.024938,0.067957,3.118358
1767717835.159477,121.791992,0.509969,5.542713,0.046778,0.066594,3.121509
1767717835.282934,121.606038,0.508464,5.547862,0.039758,0.080478,3.111360
1767717835.401438,121.420194,0.504238,5.537547,0.027769,0.072207,3.110317
1767717835.555739,121.231363,0.502614,5.525414,0.032337,0.084042,3.113589
1767717835.700932,121.021638,0.499209,5.522346,0.040539,0.070519,3.115980
1767717835.817379,120.838646,0.496057,5.507447,0.033550,0.071951,3.111648
1767717835.930394,120.659565,0.495856,5.507424,0.030486,0.059113,3.109083
1767717836.060883,120.445027,0.493695,5.495088,0.031449,0.066312,3.107750
1767717836.240768,120.254320,0.492258,5.485811,0.032231,0.070727,3.106183
1767717836.384393,120.045581,0.490798,5.476455,0.036575,0.061366,3.102238
1767717836.592095,119.860665,0.495307,5.472128,0.037921,0.067007,3.106919
1767717836.794787,119.665723,0.492650,5.455873,0.041202,0.072516,3.115939
1767717837.017954,119.478695,0.497374,5.456361,0.036961,0.061531,3.141024
1767717837.147818,119.283046,0.494802,5.436967,0.037332,0.086406,-3.100299
1767717837.270845,119.115695,0.478105,5.442967,0.049563,0.063931,-3.077937
1767717837.386651,118.950511,0.470024,5.423464,0.039352,0.086421,-3.084499
1767717837.507803,118.783238,0.465377,5.429255,0.046169,0.058424,-3.090425
1767717837.632572,118.603711,0.458040,5.408738,0.043856,0.084212,-3.093196
1767717837.752028,118.439229,0.447051,5.410937,0.057538,0.070380,-3.093576
1767717837.864471,118.280739,0.443038,5.399659,0.066394,0.090437,-3.101335
